node,betweenness_centrality
Drug_9880,0.06803940120553578
Drug_100002914,0.06486918172930718
Drug_2763,0.06296508299942759
Drug_100016362,0.05684757571644665
Drug_100219078,0.05330820762282059
Drug_446284,0.04645174742366393
Drug_100004485,0.04404736380022437
Drug_100001978,0.03645522909179605
Drug_3965,0.034991092568441656
Drug_100005396,0.03314272675593113
Drug_44093,0.03313026880969569
Drug_100077998,0.03303912909776275
Drug_151508717,0.03184447762192231
Drug_100003241,0.03176841858174806
Drug_896,0.029798096032406393
Drug_100216210,0.029001443154719166
Drug_100071301,0.028267735689589943
Drug_100003750,0.0272140557106242
Drug_105001396,0.02580630778601969
Drug_100644241,0.025203736597052974
Drug_126941,0.024171038422273233
Drug_100060787,0.02359010471887333
Drug_100004240,0.021633551478528728
Drug_100005718,0.02159289923291835
Drug_644241,0.021534543590026035
Drug_100003658,0.02096934623976563
Drug_100000853,0.020309730770668222
Drug_25151504,0.01862659666612245
Drug_100130881,0.018568241023230136
Drug_4036,0.01848955925753263
Drug_100004004,0.018368913883463123
Drug_100054688,0.01775978588068828
Drug_100002678,0.01768175979637159
Drug_4004,0.017494890602840017
Drug_100073658,0.017243764633988818
Drug_100005734,0.017000506841707366
Drug_444795,0.016797901295036295
Drug_100004976,0.016769051314280543
Drug_3784,0.016511368531621218
Drug_100003440,0.015747499722974616
Drug_4170,0.015539648725257042
Drug_54687,0.01446760966762855
Drug_2794,0.014329260896277106
Drug_100002267,0.01387487369937402
Drug_3883,0.013641451127804759
Drug_100002215,0.013417208095566872
Drug_100002794,0.01300281746289335
Drug_100003355,0.012664485870394083
Drug_5359,0.012608097271644206
Drug_149096,0.012509089383141513
Drug_3333,0.012425817847778322
Drug_5411,0.012276322492953063
Drug_123690938,0.012122237368462118
Drug_119607,0.012023885161340238
Drug_100068740,0.011755711476587912
Drug_23690938,0.011743909211733286
Drug_100005076,0.011634410421137593
Drug_100003156,0.011467211669030397
Drug_3826,0.011172155047664757
Drug_3957,0.011166909596618257
Drug_119,0.010915783627767057
Drug_5353980,0.010913160902243807
Drug_100001993,0.010904637044293244
Drug_3241,0.010793826890935925
Drug_2474,0.010705309904526233
Drug_100009904,0.010658756526488544
Drug_5736,0.010641708810587418
Drug_2284,0.010549913417273663
Drug_100119182,0.010426645317680906
Drug_100002662,0.010314523801561963
Drug_3447,0.010209614780631959
Drug_2132,0.01018928865782677
Drug_3074,0.010037170577478261
Drug_77998,0.00986079228603969
Drug_100005726,0.009817517314906063
Drug_100000785,0.009700806029121432
Drug_100004691,0.00968965944564762
Drug_100004036,0.009411650540183105
Drug_5327147,0.009195275684514968
Drug_3005572,0.009190685914849282
Drug_100051634,0.009181506375517906
Drug_100002958,0.009165114340997592
Drug_6013,0.009136264360241841
Drug_100148121,0.009096923477393088
Drug_3658,0.009092989389108214
Drug_39764,0.009053648506259462
Drug_103052762,0.009015618986172334
Drug_100054454,0.008557297700984373
Drug_16362,0.008509432960185059
Drug_5362440,0.008500909102234496
Drug_100003209,0.008489762518760683
Drug_441336,0.008455667086958432
Drug_5508,0.00840845802753993
Drug_100152945,0.008407802346159116
Drug_100002551,0.008333054668746488
Drug_4764,0.008140284342787603
Drug_100082148,0.008123236626886477
Drug_100000444,0.007832114093805713
Drug_9417,0.007825557279997586
Drug_3348,0.007649178988559015
Drug_3158,0.007613116512614326
Drug_100004935,0.007598035840855637
Drug_39186,0.007569841541480699
Drug_60936,0.007503617722018633
Drug_5284596,0.00749771658959132
Drug_100004865,0.007459687069504193
Drug_116158473,0.0074478848046495676
Drug_3052762,0.007365268950667188
Drug_100002130,0.007202004286844867
Drug_100003365,0.007175777031612366
Drug_392622,0.007152172501903115
Drug_100006238,0.007132502060478739
Drug_100004454,0.007128567972193863
Drug_4417,0.007082014594156173
Drug_24873435,0.007009233960885982
Drug_100002949,0.006963991945609918
Drug_100005524,0.006926618106903603
Drug_100005478,0.006889899949578102
Drug_71348,0.006886621542674038
Drug_100002818,0.006832199988066599
Drug_100002250,0.006823676130116036
Drug_33624,0.006769910256889408
Drug_100005035,0.006624348990349025
Drug_5526,0.006586319470261898
Drug_6238,0.006538454729462583
Drug_100003825,0.006517472925276583
Drug_100030623,0.006513538836991707
Drug_5593,0.0064853445376167685
Drug_100122316,0.006450593424433704
Drug_3007,0.006399450276730326
Drug_2678,0.006324702599317698
Drug_100005411,0.006284050353707321
Drug_4499,0.00627618217713757
Drug_3010818,0.006159470891352939
Drug_174174,0.006142423175451813
Drug_3059,0.0061345549988820625
Drug_5734,0.00612865386645475
Drug_109854489,0.006059807321469434
Drug_4178,0.006051283463518871
Drug_100002583,0.005977191467487055
Drug_100005408,0.005952275575016179
Drug_5381226,0.005931293770830177
Drug_338,0.005863102907225674
Drug_116129682,0.005857857456179174
Drug_40692,0.005802124538810108
Drug_5001396,0.005709673464115541
Drug_55283,0.005561489472051909
Drug_54454,0.005550342888578095
Drug_33036,0.00548936452016253
Drug_28864,0.005338557802575647
Drug_100004819,0.005324132812197771
Drug_5333,0.005276923752779269
Drug_4634,0.005263154443782206
Drug_100005359,0.005194963580177702
Drug_6468,0.005111036363433698
Drug_3899,0.0051012011427215105
Drug_4197,0.005063171622634383
Drug_100444033,0.005052680720541383
Drug_3981,0.005028420509451319
Drug_187,0.004949738743753815
Drug_5591,0.0048881046939574365
Drug_2771,0.004887449012576624
Drug_100213023,0.004855976306297622
Drug_5360696,0.004836305864873247
Drug_100003793,0.004828437688303496
Drug_100003342,0.004791719530977994
Drug_30323,0.004790408168216369
Drug_2451,0.004768115001268743
Drug_82153,0.004692711642475302
Drug_5909,0.004673041201050926
Drug_6456015,0.004634355999582986
Drug_6918289,0.004630421911298111
Drug_3440,0.004606161700208047
Drug_31378,0.004590425347068546
Drug_100119828,0.004534692429699482
Drug_71360,0.004481582237853666
Drug_60837,0.004480926556472854
Drug_4746,0.0044763367868071655
Drug_3121,0.0044533879384787275
Drug_100004499,0.004425849320484601
Drug_9887712,0.004421915232199726
Drug_100005002,0.00441798114391485
Drug_100002145,0.004380607305208536
Drug_100039764,0.0043097937160807825
Drug_100004747,0.004307826671938345
Drug_6436173,0.004297991451226156
Drug_100154256,0.004292746000179657
Drug_100002141,0.004263896019423905
Drug_100003384,0.004229144906240841
Drug_82146,0.0042271778620984034
Drug_100004594,0.004204229013769965
Drug_4236,0.004187836979249651
Drug_100123611,0.004157019954351462
Drug_100005515,0.004127514292214898
Drug_10113978,0.004126202929453273
Drug_2881,0.004091451816270209
Drug_5780,0.004091451816270209
Drug_191,0.004091451816270209
Drug_100041774,0.004091451816270209
Drug_5352062,0.004088829090746958
Drug_4946,0.004086206365223708
Drug_9875401,0.004081616595558021
Drug_100002801,0.00407112569346502
Drug_100005546,0.004018015501619205
Drug_100005525,0.004018015501619205
Drug_1548999,0.004014737094715142
Drug_3406,0.00398326438843614
Drug_100003672,0.0038980258089305114
Drug_100059768,0.0038803224116485727
Drug_100002179,0.003870487190936385
Drug_100001983,0.0038527837936544467
Drug_100071616,0.0038527837936544467
Drug_2583,0.0038455712984655087
Drug_82148,0.003815409954948132
Drug_4736,0.003802952008712694
Drug_100004889,0.003791149743858068
Drug_100005508,0.0037885270183348183
Drug_1615,0.003787215655573193
Drug_100193962,0.0037793474790034426
Drug_3478,0.0037780361162418176
Drug_3878,0.0037603327189598794
Drug_100060936,0.003755087267913379
Drug_63009,0.003753775905151754
Drug_681,0.003749186135486066
Drug_100051263,0.0037445963658203785
Drug_100004184,0.0037282043313000652
Drug_100041684,0.0036698486884077495
Drug_51508717,0.0036632918745996244
Drug_100071360,0.003662636193218812
Drug_100002094,0.0036390316635095607
Drug_4114,0.0036246066731316848
Drug_100003348,0.003617394177942747
Drug_156391,0.0035885441971869954
Drug_4189,0.003578053295093995
Drug_100004196,0.0035577271722888066
Drug_111597571,0.0035308442356754926
Drug_3198,0.0035124851570127414
Drug_100002118,0.0034888806273034906
Drug_5213,0.003468554504498302
Drug_100001301,0.0034390488423617378
Drug_5002,0.003401019322274611
Drug_59768,0.0033426636793822953
Drug_2141,0.0032443114722604154
Drug_225609,0.0032430001094987905
Drug_100003386,0.0032390660212139153
Drug_941651,0.0031866115107489126
Drug_100002913,0.0031839887852256623
Drug_4631,0.0031721865203710366
Drug_2467,0.0031492376720425983
Drug_100002160,0.0031243217795717216
Drug_23668479,0.0030771127201532195
Drug_23951,0.003070555906345094
Drug_100125889,0.003070555906345094
Drug_100004192,0.003070555906345094
Drug_8378,0.0030587536414904684
Drug_20469,0.0030390832000660923
Drug_100003957,0.0030240025283074044
Drug_5362123,0.0030135116262144036
Drug_111163584,0.003000397998598153
Drug_5815,0.00299187414064759
Drug_60877,0.0029866286896010896
Drug_2239,0.0029564673460837133
Drug_3152,0.002931551453612837
Drug_100031378,0.002909913968046023
Drug_100002474,0.002855492413438583
Drug_100005595,0.002820085618874706
Drug_100003008,0.0028168072119706435
Drug_3696,0.002813528805066581
Drug_100006726,0.0027958254077846425
Drug_100003151,0.002761729975982391
Drug_3156,0.0027368140835115147
Drug_5994,0.0027309129510842017
Drug_100002713,0.002719110686229576
Drug_100003767,0.002716487960706326
Drug_100060795,0.0026679675385261987
Drug_100003003,0.0026482970971018227
Drug_55245,0.0026469857343401973
Drug_57363,0.0026384618763896344
Drug_100036523,0.002629282337058259
Drug_4679,0.0025866630473054446
Drug_100005544,0.002556501703788068
Drug_119828,0.0025414210320293795
Drug_4413,0.0025368312623636918
Drug_5756,0.0025368312623636918
Drug_219078,0.002526996041651504
Drug_9966051,0.0025132267326544405
Drug_100004046,0.0024974903795149397
Drug_4723,0.0024942119726108773
Drug_100000187,0.002470607442901626
Drug_60934,0.00245618245252375
Drug_2950,0.0024515926828580625
Drug_5709,0.0024476585945731873
Drug_936,0.002443724506288312
Drug_11683,0.0024430688249074996
Drug_4171,0.0023984824910122473
Drug_100003639,0.0023729109171605586
Drug_100005267,0.002348650706070495
Drug_5819,0.0023434052550239943
Drug_106433091,0.0023263575391228686
Drug_100003308,0.0023191450439339306
Drug_100003406,0.0022575109941375526
Drug_4888,0.002252921224471865
Drug_28417,0.002239151915474802
Drug_3675,0.0022378405527131765
Drug_5359272,0.00221030193471905
Drug_121892,0.0021775178656784234
Drug_100004634,0.0021617815125389225
Drug_2662,0.002154569017349985
Drug_4057,0.0021342428945447965
Drug_103062316,0.0021034258696466072
Drug_4184,0.002077198614414106
Drug_100003158,0.0020562168102281047
Drug_564,0.002049004315039167
Drug_5328940,0.0020483486336583543
Drug_100023951,0.0020483486336583543
Drug_4192,0.0020483486336583543
Drug_105381226,0.0020483486336583543
Drug_6251,0.0020483486336583543
Drug_100002973,0.0020483486336583543
Drug_3488,0.0020483486336583543
Drug_100003278,0.0020483486336583543
Drug_100002022,0.0020483486336583543
Drug_5403,0.0020483486336583543
Drug_3825,0.0020483486336583543
Drug_124087,0.002044414545373479
Drug_74989,0.002043103182611854
Drug_100000564,0.0020299895549956036
Drug_100003878,0.0020122861577136653
Drug_5388961,0.0020090077508096026
Drug_5484727,0.0020090077508096026
Drug_100005152,0.001998516848716602
Drug_100004583,0.0019873702652427887
Drug_2955,0.001976223681768976
Drug_2476,0.0019473737010132243
Drug_1548886,0.0019447509754899743
Drug_657237,0.0019355714361585987
Drug_3062316,0.0019159009947342226
Drug_100005454,0.0019119669064493474
Drug_68740,0.0019099998623069098
Drug_5978,0.001890329420882534
Drug_100148211,0.001883116925693596
Drug_100005376,0.0018726260236005955
Drug_100010100,0.0018726260236005955
Drug_100002955,0.0018641021656500326
Drug_100004409,0.0018555783076994697
Drug_100005318,0.0018273840083245308
Drug_4828,0.0018254169641820932
Drug_4943,0.00181689310623153
Drug_5281034,0.0018083692482809672
Drug_2801,0.0017965669834263415
Drug_4926,0.0017913215323798414
Drug_11234049,0.001776240860621153
Drug_100005538,0.0017723067723362778
Drug_4139,0.0017709954095746529
Drug_100032800,0.0017605045074816524
Drug_100208902,0.0017585374633392148
Drug_5314,0.0017473908798654016
Drug_100004724,0.0017250977129177755
Drug_100003121,0.0017106727225398998
Drug_446155,0.001707394315635837
Drug_100004638,0.0017001818204468993
Drug_100005372,0.00166674207002546
Drug_5656,0.001665430707263835
Drug_100022258,0.0016628079817405847
Drug_100004913,0.0016608409375981471
Drug_111001318,0.0016595295748365222
Drug_100004992,0.0016503500355051466
Drug_84029,0.0016431375403162087
Drug_4735,0.0016333023196040209
Drug_3306,0.001627401187176708
Drug_2536,0.0016208443733685826
Drug_100003075,0.0016195330106069576
Drug_2818,0.0016116648340372072
Drug_443953,0.0015985512064209564
Drug_4449,0.0015939614367552687
Drug_2179,0.0015900273484703935
Drug_3964,0.001572323951188455
Drug_124950485,0.0015677341815227674
Drug_5530,0.0015565875980489544
Drug_100003916,0.0015480637400983913
Drug_100004058,0.0015434739704327037
Drug_444008,0.0015270819359123904
Drug_5311181,0.0015264262545315779
Drug_110182969,0.0015139683082961398
Drug_11020241,0.0014969205923950138
Drug_3100,0.0014785615137322629
Drug_100003016,0.0014779058323514504
Drug_2442,0.0014733160626857627
Drug_100060146,0.0014713490185433251
Drug_3155,0.0014680706116392624
Drug_100132971,0.0014661035674968248
Drug_10836,0.0014569240281654492
Drug_2170,0.0014424990377875735
Drug_100004536,0.001440531993645136
Drug_443878,0.0014339751798370106
Drug_100004197,0.0014097149687469469
Drug_64929,0.0014097149687469469
Drug_71301,0.0014077479246045093
Drug_100065999,0.0014005354294155715
Drug_100001775,0.001391355890084196
Drug_100000338,0.0013782422624679454
Drug_100004032,0.0013710297672790074
Drug_4820,0.0013625059093284445
Drug_100071329,0.001360538865186007
Drug_100003251,0.0013598831838051943
Drug_9833444,0.0013592275024243818
Drug_100005032,0.0013526706886162565
Drug_100039860,0.0013408684237616309
Drug_100004679,0.0013356229727151305
Drug_4032,0.0013277547961453803
Drug_100005584,0.0013061173105785666
Drug_5378,0.0012903809574390658
Drug_100004168,0.0012779230112036277
Drug_100005523,0.0012766116484420025
Drug_5280793,0.0012720218787763149
Drug_3151,0.0012720218787763149
Drug_100156326,0.0012654650649681896
Drug_4771,0.0012595639325408768
Drug_25096,0.0012516957559711263
Drug_100002366,0.0012497287118286887
Drug_100125017,0.0012471059863054387
Drug_100005070,0.0012444832607821884
Drug_100004174,0.001237926446974063
Drug_5280453,0.001237926446974063
Drug_4042,0.0012333366773083754
Drug_21855,0.0012267798635002501
Drug_158781,0.001213010554503187
Drug_4168,0.0011887503434131232
Drug_3016,0.0011789151227009351
Drug_100004253,0.0011730139902736223
Drug_41684,0.001166457176465497
Drug_5584,0.0011428526467562458
Drug_5524,0.0011303947005208077
Drug_54384,0.0011290833377591825
Drug_3342,0.0011264606122359324
Drug_100004011,0.0011264606122359324
Drug_100001046,0.001121215161189432
Drug_4911,0.0011199037984278072
Drug_146570,0.0011120356218580567
Drug_5479530,0.0011094128963348067
Drug_441277,0.001108757214953994
Drug_109887712,0.0011041674452883063
Drug_106918313,0.0011028560825266812
Drug_100176870,0.0010890867735296181
Drug_6252,0.0010884310921488055
Drug_2764,0.0010831856411023053
Drug_6726,0.0010825299597214926
Drug_100003823,0.0010825299597214926
Drug_100004601,0.0010759731459133674
Drug_100134018,0.0010759731459133674
Drug_100003345,0.001070727694866867
Drug_60606,0.0010700720134860545
Drug_3559,0.0010700720134860545
Drug_100060752,0.0010608924741546792
Drug_100005077,0.0010451561210151783
Drug_100003042,0.0010445004396343657
Drug_100003623,0.0010392549885878655
Drug_100004440,0.0010392549885878655
Drug_100003397,0.0010379436258262404
Drug_100000298,0.001028764086494865
Drug_100005430,0.0010248299982099898
Drug_100093860,0.0010248299982099898
Drug_100004623,0.0010248299982099898
Drug_11707110,0.0010248299982099898
Drug_144462760,0.0010248299982099898
Drug_123619,0.0010248299982099898
Drug_100002675,0.0010248299982099898
Drug_132999,0.0010248299982099898
Drug_1990,0.0010248299982099898
Drug_2156,0.0010248299982099898
Drug_100023925,0.0010248299982099898
Drug_100000146,0.0010248299982099898
Drug_100004451,0.0010248299982099898
Drug_100315411,0.0010248299982099898
Drug_23926,0.0010248299982099898
Drug_100004547,0.0010248299982099898
Drug_100002367,0.0010248299982099898
Drug_4473,0.0010248299982099898
Drug_12560,0.0010248299982099898
Drug_100003899,0.0010241743168291771
Drug_105328940,0.0010235186354483647
Drug_33255,0.001021551591305927
Drug_100002148,0.001018928865782677
Drug_100004920,0.0010176175030210519
Drug_123631,0.001009093645070489
Drug_4601,0.0010071266009280514
Drug_100004639,0.0010058152381664262
Drug_5483,0.0010051595567856138
Drug_444,0.0010045038754048013
Drug_107994,0.0010045038754048013
Drug_100005578,0.0010045038754048013
Drug_100002550,0.0010045038754048013
Drug_1727,0.0010025368312623637
Drug_5284616,0.0010025368312623637
Drug_111234049,0.0010012254685007385
Drug_103081361,0.0009972913802158633
Drug_20279,0.0009835220712188
Drug_100124087,0.0009815550270763625
Drug_176870,0.0009756538946490498
Drug_4044,0.0009645073111752367
Drug_100004189,0.0009618845856519865
Drug_100004422,0.0009592618601287365
Drug_103086685,0.0009559834532246737
Drug_2244,0.000950082320797361
Drug_4046,0.000950082320797361
Drug_100003519,0.0009461482325124858
Drug_638678,0.0009395914187043604
Drug_3157,0.0009376243745619228
Drug_92253,0.0009369686931811103
Drug_27400,0.0009369686931811103
Drug_100003911,0.0009369686931811103
Drug_2391,0.0009350016490386727
Drug_2351,0.0009336902862770476
Drug_5311065,0.00093172324213461
Drug_100004436,0.0009258221097072973
Drug_154100,0.0009251664283264847
Drug_9838021,0.0009238550655648596
Drug_110324367,0.0009225437028032345
Drug_100123597,0.0009205766586607969
Drug_100002725,0.0009199209772799844
Drug_5311068,0.0009048403055212962
Drug_100010660,0.0009028732613788586
Drug_11450633,0.0009028732613788586
Drug_2118,0.0009002505358556084
Drug_3661,0.0008956607661899207
Drug_838,0.0008917266779050455
Drug_100007638,0.000881235775812045
Drug_104741,0.0008779573689079822
Drug_89594,0.0008641880599109191
Drug_4543,0.0008602539716260439
Drug_2729,0.0008582869274836063
Drug_100002249,0.0008550085205795436
Drug_60853,0.0008504187509138559
Drug_116134956,0.0008425505743441054
Drug_100002540,0.0008425505743441054
Drug_4976,0.0008392721674400428
Drug_4615,0.0008340267163935426
Drug_636380,0.0008300926281086673
Drug_100005401,0.0008294369467278548
Drug_100002905,0.0008209130887772919
Drug_100002187,0.0008196017260156668
Drug_3345,0.0008169790004924167
Drug_4011,0.0008005869659721034
Drug_1548954,0.0007992756032104782
Drug_100119607,0.0007966528776872281
Drug_100005039,0.0007966528776872281
Drug_100083513,0.0007907517452599153
Drug_26986,0.0007900960638791028
Drug_1065,0.0007887847011174777
Drug_4174,0.0007881290197366651
Drug_8223,0.0007737040293587894
Drug_100005184,0.0007723926665971644
Drug_2995,0.0007697699410739142
Drug_4058,0.0007638688086466014
Drug_4205,0.0007625574458849764
Drug_100005771,0.0007612460831233513
Drug_100004236,0.0007566563134576636
Drug_100005735,0.0007514108624111633
Drug_60198,0.0007487881368879132
Drug_100003826,0.0007481324555071007
Drug_5362436,0.0007468210927454756
Drug_4051,0.0007389529161757252
Drug_216237,0.0007376415534141001
Drug_2725,0.0007369858720332876
Drug_100004911,0.0007369858720332876
Drug_100004585,0.0007356745092716626
Drug_37464,0.0007343631465100374
Drug_100003372,0.0007317404209867874
Drug_3055,0.0007284620140827246
Drug_100004748,0.0007258392885594745
Drug_5039,0.0007245279257978495
Drug_5357,0.0007192824747513491
Drug_109966051,0.0007192824747513491
Drug_3355,0.0007153483864664739
Drug_4680,0.0007140370237048489
Drug_4594,0.0007133813423240364
Drug_219024,0.0007087915726583486
Drug_100002995,0.0007015790774694108
Drug_100004114,0.0007009233960885982
Drug_100003249,0.0006976449891845356
Drug_100005470,0.0006864984057107225
Drug_100004746,0.0006851870429490975
Drug_100004211,0.0006851870429490975
Drug_5029,0.0006825643174258473
Drug_100004946,0.000666172282905534
Drug_3148,0.0006635495573822838
Drug_100002308,0.000656337062193346
Drug_5825,0.0006510916111468457
Drug_2540,0.0006510916111468457
Drug_100002781,0.0006497802483852207
Drug_77993,0.0006491245670044081
Drug_213046,0.0006465018414811579
Drug_657180,0.0006419120718154703
Drug_154417,0.0006399450276730326
Drug_100003827,0.0006386336649114076
Drug_5070,0.000637977983530595
Drug_2344,0.00063666662076897
Drug_100003696,0.0006333882138649073
Drug_106433117,0.000629454125580032
Drug_100003869,0.0006274870814375945
Drug_6018,0.0006228973117719068
Drug_100003059,0.0006222416303910942
Drug_5487,0.0006215859490102817
Drug_4409,0.0006209302676294692
Drug_5281037,0.0006156848165829689
Drug_5284594,0.0006124064096789063
Drug_100041693,0.0006117507282980937
Drug_60846,0.0006078166400132185
Drug_4614,0.0006012598262050932
Drug_100005472,0.0006012598262050932
Drug_100002435,0.0006006041448242806
Drug_60795,0.000598637100681843
Drug_110113978,0.000597325737920218
Drug_3410,0.0005966700565394054
Drug_5454,0.0005960143751585928
Drug_221493,0.0005953586937777804
Drug_60822,0.0005920802868737177
Drug_100002159,0.0005914246054929052
Drug_100003325,0.0005907689241120926
Drug_100065856,0.0005815893847807171
Drug_3494,0.0005737212082109667
Drug_5073,0.0005730655268301543
Drug_100004493,0.0005724098454493417
Drug_60834,0.0005710984826877166
Drug_100003962,0.0005704428013069041
Drug_100077993,0.000569131438545279
Drug_100023897,0.0005599518992139036
Drug_100002806,0.0005553621295482158
Drug_100003269,0.0005540507667865908
Drug_100037392,0.0005527394040249657
Drug_100004163,0.0005520837226441532
Drug_60164,0.0005514280412633406
Drug_100004943,0.0005514280412633406
Drug_100077992,0.0005481496343592779
Drug_5210,0.0005402814577895275
Drug_71329,0.0005370030508854649
Drug_2828,0.0005350360067430273
Drug_100005078,0.0005330689626005897
Drug_151171,0.000529790555696527
Drug_5775,0.000529790555696527
Drug_100003661,0.0005206110163651516
Drug_3042,0.0005160212466994638
Drug_2215,0.0005153655653186513
Drug_100003100,0.0005133985211762137
Drug_100000119,0.0005127428397954011
Drug_100003381,0.0005107757956529635
Drug_100000951,0.0005094644328913385
Drug_100003219,0.0005081530701297135
Drug_5983,0.0005068417073680883
Drug_3001055,0.0005042189818448383
Drug_100004170,0.000500284893559963
Drug_6918155,0.0004996292121791505
Drug_4585,0.0004930723983710252
Drug_4636,0.000490449672847775
Drug_100004048,0.0004878269473245249
Drug_18381,0.0004865155845628998
Drug_100002351,0.00048520422180127476
Drug_100002443,0.00047930308937396194
Drug_4917,0.0004760246824698993
Drug_1032,0.0004734019569466491
Drug_100005358,0.0004727462755658366
Drug_100213046,0.000470779231423399
Drug_6337614,0.000470779231423399
Drug_100003478,0.0004701235500425865
Drug_4495,0.00046291105485364863
Drug_3032,0.00046225537347283606
Drug_100003340,0.000460944010711211
Drug_100170361,0.00046028832933039845
Drug_62865,0.00046028832933039845
Drug_53232,0.0004543871969030857
Drug_5865,0.0004537315155222731
Drug_5360515,0.00044586333895252274
Drug_439302,0.00044389629481008514
Drug_6918554,0.000441273569286835
Drug_115237,0.0004360281182403347
Drug_100002462,0.0004347167554787097
Drug_100002244,0.00043406107409789716
Drug_100005333,0.00043078266719383447
Drug_100003510,0.00042881562305139686
Drug_100002170,0.0004275042602897718
Drug_100065014,0.00042488153476652165
Drug_5311101,0.0004235701720048966
Drug_5282411,0.000421603127862459
Drug_100004235,0.0004157019954351462
Drug_47811,0.00041307926991189606
Drug_2477,0.00041111222576945846
Drug_100003559,0.0004025883678188955
Drug_100000303,0.000401932686438083
Drug_5311304,0.0003979985981532078
Drug_3083544,0.0003848849705369571
Drug_100005650,0.00038160656363289447
Drug_100121892,0.00037898383810964435
Drug_100003938,0.00037767247534801926
Drug_100005210,0.00037767247534801926
Drug_39468,0.00037636111258639417
Drug_100002477,0.00037570543120558165
Drug_4935,0.00037373838706314405
Drug_5920,0.0003704599801590814
Drug_100062924,0.00036980429877826883
Drug_8226,0.0003684929360166438
Drug_100005203,0.0003671815732550187
Drug_100147912,0.0003671815732550187
Drug_23897,0.0003658702104933937
Drug_100005512,0.00036390316635095607
Drug_100002771,0.00035603498978120564
Drug_100004543,0.00035210090149633043
Drug_2541,0.0003501338573538929
Drug_100072111,0.0003475111318306427
Drug_100036339,0.0003475111318306427
Drug_100060878,0.0003455440876882051
Drug_3869,0.0003455440876882051
Drug_193962,0.00034160999940332994
Drug_100004044,0.00034095431802251737
Drug_100005314,0.00034095431802251737
Drug_100003915,0.00034029863664170485
Drug_5355,0.00034029863664170485
Drug_100004449,0.00033964295526089233
Drug_4456,0.00033964295526089233
Drug_5281107,0.0003291520531678918
Drug_443884,0.0003271850090254542
Drug_444030,0.00032652932764464166
Drug_100084003,0.00032456228350220405
Drug_3219,0.00032390660212139154
Drug_785,0.000313415700028391
Drug_100004927,0.00031079297450514086
Drug_3827,0.0003101372931243283
Drug_37392,0.00030817024898189074
Drug_1983,0.00030751456760107817
Drug_110635,0.00030685888622026565
Drug_100219024,0.0003016134351737654
Drug_2783,0.0002976793468888902
Drug_3517,0.0002944009399848275
Drug_6436,0.0002924338958423899
Drug_5282380,0.00028784412617670216
Drug_43008,0.0002865327634150771
Drug_4748,0.0002865327634150771
Drug_100151171,0.00028325435651101443
Drug_5288826,0.00028325435651101443
Drug_100002684,0.00028325435651101443
Drug_100004810,0.0002819429937493894
Drug_100004139,0.00027735322408370167
Drug_100002476,0.00027079641027557633
Drug_5032,0.00026948504751395124
Drug_100057537,0.0002662066406098886
Drug_100002541,0.000264239596467451
Drug_100004140,0.000264239596467451
Drug_2352,0.0002629282337058259
Drug_449171,0.00025964982680176326
Drug_2083,0.0002583384640401382
Drug_100004771,0.00025768278265932566
Drug_6279,0.00025768278265932566
Drug_2733525,0.00025768278265932566
Drug_100054840,0.00025768278265932566
Drug_3767,0.0002570271012785131
Drug_100483407,0.00025243733161282536
Drug_100027400,0.00025178165023201284
Drug_100004635,0.00024981460608957523
Drug_5035,0.0002491589247087627
Drug_5284604,0.0002491589247087627
Drug_100115237,0.0002485032433279502
Drug_100002391,0.0002458805178047
Drug_110634,0.0002458805178047
Drug_4158,0.0002452248364238875
Drug_51601240,0.000244569155043075
Drug_942,0.00024194642951982484
Drug_111519069,0.0002412907481390123
Drug_100003155,0.00024063506675819977
Drug_100002585,0.00023997938537738723
Drug_100060830,0.00023866802261576217
Drug_5472,0.00023801234123494965
Drug_5453,0.0002373566598541371
Drug_129211,0.00023670097847332456
Drug_100004034,0.0002334225715692619
Drug_60464,0.0002334225715692619
Drug_100002712,0.00023276689018844938
Drug_2405,0.00023145552742682431
Drug_5467,0.0002275214391419491
Drug_100005052,0.00022621007638032404
Drug_3103,0.00022424303223788643
Drug_5533,0.00022227598809544883
Drug_100001986,0.00022227598809544883
Drug_31307,0.0002216203067146363
Drug_2732,0.0002196532625721987
Drug_100003403,0.0002196532625721987
Drug_100002512,0.00021899758119138616
Drug_125017,0.00021899758119138616
Drug_110465263,0.0002157191742873235
Drug_100004829,0.0002137521301448859
Drug_100004736,0.0002098180418600107
Drug_247,0.00020522827219432297
Drug_446220,0.00020457259081351043
Drug_100004828,0.00020326122805188536
Drug_439260,0.00020129418390944776
Drug_100004768,0.0001999828211478227
Drug_10660,0.00019867145838619763
Drug_2145,0.00019670441424376003
Drug_100005245,0.0001960487328629475
Drug_3002977,0.00019342600733969736
Drug_100064929,0.00019277032595888484
Drug_109800339,0.00019277032595888484
Drug_100008230,0.00019277032595888484
Drug_4211,0.0001921146445780723
Drug_3404,0.00019145896319725975
Drug_2761,0.00019145896319725975
Drug_100005593,0.00019080328181644724
Drug_100001206,0.0001901476004356347
Drug_100004782,0.0001901476004356347
Drug_100006018,0.0001862135121507595
Drug_100005656,0.0001862135121507595
Drug_4992,0.00018555783076994696
Drug_100003914,0.00018555783076994696
Drug_5280723,0.00018490214938913442
Drug_100003918,0.00018490214938913442
Drug_1978,0.00018490214938913442
Drug_4493,0.0001842464680083219
Drug_4066,0.00018293510524669684
Drug_132971,0.0001822794238658843
Drug_3746,0.0001822794238658843
Drug_100060864,0.00018162374248507175
Drug_444036,0.00018096806110425923
Drug_100004160,0.00018096806110425923
Drug_100002442,0.00017965669834263417
Drug_100216416,0.0001783453355810091
Drug_3779,0.0001783453355810091
Drug_2812,0.00017768965420019656
Drug_154256,0.00017572261005775896
Drug_5282381,0.00017506692867694644
Drug_77990,0.00017506692867694644
Drug_100002564,0.0001744112472961339
Drug_3343,0.00017309988453450883
Drug_100004745,0.0001724442031536963
Drug_100148192,0.00017178852177288377
Drug_100000699,0.00017113284039207123
Drug_4782,0.00016916579624963362
Drug_5318,0.0001685101148688211
Drug_5078,0.00016719875210719602
Drug_100000158,0.00016523170796475844
Drug_951,0.00016326466382232083
Drug_100002826,0.00016326466382232083
Drug_2160,0.00016260898244150829
Drug_100004614,0.00016195330106069577
Drug_100002216,0.00016129761967988322
Drug_100001071,0.00015933057553744562
Drug_39860,0.00015801921277582056
Drug_5419,0.00015801921277582056
Drug_4639,0.000157363531395008
Drug_15951529,0.00015605216863338295
Drug_116136245,0.00015605216863338295
Drug_3308,0.00015539648725257043
Drug_100003746,0.00015342944311013283
Drug_125880656,0.00015277376172932028
Drug_5572,0.00015211808034850776
Drug_100004900,0.0001508067175868827
Drug_54840,0.0001508067175868827
Drug_5282451,0.00015015103620607016
Drug_100060612,0.00015015103620607016
Drug_116131215,0.00014556126654038243
Drug_100000159,0.00014556126654038243
Drug_208898,0.00014490558515956988
Drug_49800046,0.00014424990377875737
Drug_11658859,0.00014359422239794482
Drug_100002631,0.00014293854101713228
Drug_15209,0.00014162717825550722
Drug_4830,0.0001396601341130696
Drug_468595,0.00013834877135144455
Drug_8230,0.00013769308997063203
Drug_100003152,0.00013703740858981949
Drug_100003954,0.00013638172720900697
Drug_5488547,0.00013572604582819442
Drug_4819,0.00013441468306656936
Drug_100003410,0.00013375900168575682
Drug_100656628,0.00013375900168575682
Drug_100004917,0.0001317919575433192
Drug_100002092,0.0001311362761625067
Drug_59226,0.00013048059478169415
Drug_24066,0.00012982491340088163
Drug_2913,0.00012982491340088163
Drug_36811,0.0001291692320200691
Drug_2370,0.00012785786925844403
Drug_4212,0.00012720218787763148
Drug_25181561,0.00012589082511600642
Drug_4850,0.00012523514373519388
Drug_100004542,0.0001232680995927563
Drug_100104849,0.00012261241821194375
Drug_100005090,0.00012195673683113122
Drug_154058,0.00011867832992706855
Drug_100003964,0.00011212151611894322
Drug_2216,0.00011081015335731815
Drug_3947,0.00011081015335731815
Drug_10531,0.00011081015335731815
Drug_100002369,0.00010949879059569308
Drug_65014,0.00010949879059569308
Drug_2435,0.00010884310921488055
Drug_100003157,0.00010818742783406802
Drug_5284371,0.00010818742783406802
Drug_100104865,0.00010687606507244296
Drug_9642,0.00010687606507244296
Drug_100002405,0.00010687606507244296
Drug_100005073,0.00010687606507244296
Drug_100060834,0.00010622038369163041
Drug_41693,0.00010556470231081788
Drug_4095,0.00010556470231081788
Drug_100000727,0.00010490902093000535
Drug_100003749,0.00010490902093000535
Drug_6741,0.00010228629540675521
Drug_100005487,0.00010163061402594268
Drug_4810,9.769652574106748e-05
Drug_100012453,9.704084436025495e-05
Drug_84003,9.704084436025495e-05
Drug_31100,9.638516297944242e-05
Drug_60857,9.572948159862988e-05
Drug_5095,9.572948159862988e-05
Drug_100003779,9.572948159862988e-05
Drug_60726,9.507380021781735e-05
Drug_100004893,9.441811883700481e-05
Drug_104865,9.245107469456721e-05
Drug_9854489,9.245107469456721e-05
Drug_100002487,9.113971193294215e-05
Drug_100003000,9.113971193294215e-05
Drug_100005591,9.048403055212962e-05
Drug_5995,8.982834917131709e-05
Drug_100027991,8.851698640969201e-05
Drug_2092,8.720562364806695e-05
Drug_111228026,8.720562364806695e-05
Drug_101526,8.654994226725442e-05
Drug_65999,8.654994226725442e-05
Drug_100060198,8.589426088644189e-05
Drug_100016230,8.523857950562934e-05
Drug_100004205,8.523857950562934e-05
Drug_3749,8.458289812481681e-05
Drug_2187,8.392721674400428e-05
Drug_51263,8.327153536319175e-05
Drug_104849,8.196017260156667e-05
Drug_3954,8.196017260156667e-05
Drug_5284570,8.064880983994161e-05
Drug_100004178,8.064880983994161e-05
Drug_100054313,7.999312845912908e-05
Drug_100002524,7.933744707831655e-05
Drug_24965990,7.802608431669147e-05
Drug_3191,7.605904017425388e-05
Drug_6230,7.605904017425388e-05
Drug_100004259,7.605904017425388e-05
Drug_100003148,7.47476774126288e-05
Drug_100003370,7.409199603181628e-05
Drug_5280360,7.278063327019121e-05
Drug_55480,7.212495188937868e-05
Drug_2747,7.081358912775361e-05
Drug_91429,7.081358912775361e-05
Drug_100003367,7.081358912775361e-05
Drug_9853053,6.950222636612855e-05
Drug_100002676,6.687950084287841e-05
Drug_4927,6.687950084287841e-05
Drug_100002803,6.622381946206588e-05
Drug_3168,6.556813808125335e-05
Drug_6918313,6.556813808125335e-05
Drug_2803,6.491245670044082e-05
Drug_119569,6.491245670044082e-05
Drug_4418,6.425677531962827e-05
Drug_3510,6.425677531962827e-05
Drug_100003387,6.228973117719068e-05
Drug_100001065,6.228973117719068e-05
Drug_100003784,6.228973117719068e-05
Drug_5482,6.163404979637815e-05
Drug_5578,6.163404979637815e-05
Drug_11519069,6.163404979637815e-05
Drug_9681,6.097836841556561e-05
Drug_100060853,6.032268703475307e-05
Drug_5280363,6.032268703475307e-05
Drug_16133802,6.032268703475307e-05
Drug_100005572,5.966700565394054e-05
Drug_100072054,5.966700565394054e-05
Drug_100005533,5.966700565394054e-05
Drug_100002764,5.901132427312801e-05
Drug_216239,5.835564289231547e-05
Drug_4747,5.704428013069041e-05
Drug_123668479,5.704428013069041e-05
Drug_27991,5.704428013069041e-05
Drug_100003394,5.6388598749877874e-05
Drug_5253,5.6388598749877874e-05
Drug_3036780,5.573291736906534e-05
Drug_100003038,5.573291736906534e-05
Drug_100032281,5.507723598825281e-05
Drug_5401,5.507723598825281e-05
Drug_3052775,5.507723598825281e-05
Drug_60752,5.3765873226627743e-05
Drug_383413,5.3765873226627743e-05
Drug_3672,5.3110191845815206e-05
Drug_115951529,5.2454510465002675e-05
Drug_100004042,5.1798829084190144e-05
Drug_100216239,5.1798829084190144e-05
Drug_100000861,5.1143147703377606e-05
Drug_2724385,4.983178494175254e-05
Drug_100004885,4.917610356094001e-05
Drug_100003310,4.6553378037689877e-05
Drug_7638,4.6553378037689877e-05
Drug_100005381,4.524201527606481e-05
Drug_3657,4.524201527606481e-05
Drug_100003380,4.524201527606481e-05
Drug_100002656,4.458633389525228e-05
Drug_100003040,4.458633389525228e-05
Drug_100004171,4.327497113362721e-05
Drug_72054,4.327497113362721e-05
Drug_4034,4.327497113362721e-05
Drug_151601240,4.327497113362721e-05
Drug_100216237,4.261928975281467e-05
Drug_100002791,4.261928975281467e-05
Drug_100002881,4.196360837200214e-05
Drug_100004991,4.196360837200214e-05
Drug_6005,4.130792699118961e-05
Drug_125074886,4.065224561037707e-05
Drug_148192,4.065224561037707e-05
Drug_3397,3.999656422956454e-05
Drug_100003114,3.999656422956454e-05
Drug_100000838,3.9340882848752e-05
Drug_100000450,3.9340882848752e-05
Drug_100004120,3.868520146793947e-05
Drug_100000681,3.802952008712694e-05
Drug_163091,3.73738387063144e-05
Drug_100004212,3.671815732550187e-05
Drug_4913,3.606247594468934e-05
Drug_4893,3.606247594468934e-05
Drug_100004894,3.606247594468934e-05
Drug_5281071,3.606247594468934e-05
Drug_5452,3.606247594468934e-05
Drug_100004631,3.606247594468934e-05
Drug_100000160,3.606247594468934e-05
Drug_100001546,3.5406794563876804e-05
Drug_5833,3.5406794563876804e-05
Drug_100071348,3.5406794563876804e-05
Drug_446156,3.5406794563876804e-05
Drug_116129617,3.475111318306427e-05
Drug_170361,3.409543180225174e-05
Drug_3386,3.409543180225174e-05
Drug_100042955,3.409543180225174e-05
Drug_100003494,3.409543180225174e-05
Drug_100005453,3.3439750421439204e-05
Drug_100158781,3.3439750421439204e-05
Drug_9878,3.2784069040626674e-05
Drug_5284603,3.2128387659814136e-05
Drug_969472,3.2128387659814136e-05
Drug_100003648,3.1472706279001605e-05
Drug_2159,3.1472706279001605e-05
Drug_100005452,3.0817024898189074e-05
Drug_100005645,2.9505662136564005e-05
Drug_445354,2.9505662136564005e-05
Drug_100003706,2.884998075575147e-05
Drug_16136245,2.884998075575147e-05
Drug_65856,2.8194299374938937e-05
Drug_100002344,2.7538617994126406e-05
Drug_100005402,2.7538617994126406e-05
Drug_10133,2.7538617994126406e-05
Drug_54746,2.6882936613313872e-05
Drug_100003675,2.6227255232501337e-05
Drug_116132265,2.6227255232501337e-05
Drug_100004908,2.6227255232501337e-05
Drug_100054373,2.5571573851688803e-05
Drug_2551,2.491589247087627e-05
Drug_443872,2.3604529709251204e-05
Drug_100002370,2.3604529709251204e-05
Drug_3519,2.3604529709251204e-05
Drug_4235,2.3604529709251204e-05
Drug_100055480,2.3604529709251204e-05
Drug_100004159,2.3604529709251204e-05
Drug_3066,2.294884832843867e-05
Drug_36462,2.294884832843867e-05
Drug_100104741,2.294884832843867e-05
Drug_2369,2.229316694762614e-05
Drug_9825285,2.229316694762614e-05
Drug_3916,2.229316694762614e-05
Drug_1993,2.229316694762614e-05
Drug_5702160,2.229316694762614e-05
Drug_100003998,2.229316694762614e-05
Drug_2249,2.1637485566813604e-05
Drug_100002083,2.1637485566813604e-05
Drug_100150310,2.098180418600107e-05
Drug_13109,2.098180418600107e-05
Drug_100003007,2.0326122805188536e-05
Drug_100004425,2.0326122805188536e-05
Drug_3394,2.0326122805188536e-05
Drug_1206,2.0326122805188536e-05
Drug_3961,1.9670441424376e-05
Drug_5358,1.9670441424376e-05
Drug_5184,1.9670441424376e-05
Drug_4436,1.901476004356347e-05
Drug_6917778,1.901476004356347e-05
Drug_124965990,1.901476004356347e-05
Drug_2905,1.8359078662750936e-05
Drug_4848,1.8359078662750936e-05
Drug_100005731,1.8359078662750936e-05
Drug_2375,1.8359078662750936e-05
Drug_4768,1.7703397281938402e-05
Drug_24826799,1.7703397281938402e-05
Drug_3372,1.7703397281938402e-05
Drug_216416,1.704771590112587e-05
Drug_100060726,1.704771590112587e-05
Drug_9578572,1.704771590112587e-05
Drug_68712,1.6392034520313337e-05
Drug_100068613,1.6392034520313337e-05
Drug_100003154,1.6392034520313337e-05
Drug_100003066,1.5736353139500802e-05
Drug_100003168,1.4424990377875736e-05
Drug_100123631,1.4424990377875736e-05
Drug_100000942,1.4424990377875736e-05
Drug_100148191,1.3769308997063203e-05
Drug_100003883,1.3769308997063203e-05
Drug_47964,1.3113627616250669e-05
Drug_35370,1.3113627616250669e-05
Drug_5284569,1.2457946235438134e-05
Drug_2366,1.2457946235438134e-05
Drug_130881,1.1802264854625602e-05
Drug_25126797,1.1802264854625602e-05
Drug_100003250,1.114658347381307e-05
Drug_11001318,1.114658347381307e-05
Drug_5090,1.0490902093000535e-05
Drug_9926791,1.0490902093000535e-05
Drug_71616,1.0490902093000535e-05
Drug_4829,1.0490902093000535e-05
Drug_3623,9.835220712188e-06
Drug_2585,9.835220712188e-06
Drug_10182969,9.835220712188e-06
Drug_5329098,9.835220712188e-06
Drug_2381,9.835220712188e-06
Drug_5282593,9.835220712188e-06
Drug_5311507,9.179539331375468e-06
Drug_100003961,9.179539331375468e-06
Drug_57537,9.179539331375468e-06
Drug_4919,9.179539331375468e-06
Drug_100002484,9.179539331375468e-06
Drug_109825285,9.179539331375468e-06
Drug_5566,9.179539331375468e-06
Drug_3340,9.179539331375468e-06
Drug_100005095,8.523857950562936e-06
Drug_100005404,8.523857950562936e-06
Drug_3001028,8.523857950562936e-06
Drug_119182,7.868176569750401e-06
Drug_116065945,7.868176569750401e-06
Drug_5755,7.212495188937868e-06
Drug_3325,7.212495188937868e-06
Drug_5959,7.212495188937868e-06
Drug_100002232,7.212495188937868e-06
Drug_9782,7.212495188937868e-06
Drug_100004112,6.556813808125334e-06
Drug_100005419,6.556813808125334e-06
Drug_100003199,6.556813808125334e-06
Drug_100002520,6.556813808125334e-06
Drug_5832,6.556813808125334e-06
Drug_100060843,6.556813808125334e-06
Drug_5152,5.901132427312801e-06
Drug_100005253,5.901132427312801e-06
Drug_5312125,5.901132427312801e-06
Drug_116130957,5.901132427312801e-06
Drug_1349907,5.901132427312801e-06
Drug_100004158,5.901132427312801e-06
Drug_5790,5.901132427312801e-06
Drug_100068844,5.901132427312801e-06
Drug_3307,5.2454510465002675e-06
Drug_100003363,5.2454510465002675e-06
Drug_3689,5.2454510465002675e-06
Drug_100000214,5.2454510465002675e-06
Drug_1046,5.2454510465002675e-06
Drug_100004095,4.589769665687734e-06
Drug_106433119,4.589769665687734e-06
Drug_5381,4.589769665687734e-06
Drug_2564,4.589769665687734e-06
Drug_441383,4.589769665687734e-06
Drug_100004428,4.589769665687734e-06
Drug_100004811,4.589769665687734e-06
Drug_4140,4.589769665687734e-06
Drug_100128549,3.934088284875201e-06
Drug_3414,3.934088284875201e-06
Drug_111020241,3.934088284875201e-06
Drug_25074886,3.934088284875201e-06
Drug_3715,3.278406904062667e-06
Drug_100005530,3.278406904062667e-06
Drug_100005717,3.278406904062667e-06
Drug_100005466,3.278406904062667e-06
Drug_105464096,3.278406904062667e-06
Drug_60699,2.6227255232501337e-06
Drug_142611257,2.6227255232501337e-06
Drug_5291,2.6227255232501337e-06
Drug_3081361,2.6227255232501337e-06
Drug_100003032,2.6227255232501337e-06
Drug_100003392,2.6227255232501337e-06
Drug_4440,2.6227255232501337e-06
Drug_5361092,2.6227255232501337e-06
Drug_767,2.6227255232501337e-06
Drug_125880664,2.6227255232501337e-06
Drug_124826799,2.6227255232501337e-06
Drug_100000596,2.6227255232501337e-06
Drug_656926,1.9670441424376003e-06
Drug_445643,1.9670441424376003e-06
Drug_16131215,1.9670441424376003e-06
Drug_100000750,1.9670441424376003e-06
Drug_60648,1.9670441424376003e-06
Drug_3114,1.9670441424376003e-06
Drug_42890,1.9670441424376003e-06
Drug_100003848,1.9670441424376003e-06
Drug_100003902,1.9670441424376003e-06
Drug_11626560,1.9670441424376003e-06
Drug_100003715,1.9670441424376003e-06
Drug_109818231,1.9670441424376003e-06
Drug_4510,1.3113627616250669e-06
Drug_100063001,1.3113627616250669e-06
Drug_100004419,1.3113627616250669e-06
Drug_105361917,1.3113627616250669e-06
Drug_2769,1.3113627616250669e-06
Drug_34359,1.3113627616250669e-06
Drug_100001805,1.3113627616250669e-06
Drug_54684141,1.3113627616250669e-06
Drug_100005516,1.3113627616250669e-06
Drug_100449193,1.3113627616250669e-06
Drug_100000311,1.3113627616250669e-06
Drug_5961,1.3113627616250669e-06
Drug_100002609,1.3113627616250669e-06
Drug_6446,1.3113627616250669e-06
Drug_100005195,1.3113627616250669e-06
Drug_6006,1.3113627616250669e-06
Drug_100123015,1.3113627616250669e-06
Drug_100060877,1.3113627616250669e-06
Drug_100061799,1.3113627616250669e-06
Drug_5310993,1.3113627616250669e-06
Drug_937,1.3113627616250669e-06
Drug_3034010,1.3113627616250669e-06
Drug_92721,1.3113627616250669e-06
Drug_100000946,1.3113627616250669e-06
Drug_5361917,1.3113627616250669e-06
Drug_100004735,1.3113627616250669e-06
Drug_3639,6.556813808125334e-07
Drug_5464097,6.556813808125334e-07
Drug_100003222,6.556813808125334e-07
Drug_100004595,6.556813808125334e-07
Drug_100002266,6.556813808125334e-07
Drug_5556,6.556813808125334e-07
Drug_5212,6.556813808125334e-07
Drug_6215,6.556813808125334e-07
Drug_100002375,6.556813808125334e-07
Drug_100000247,6.556813808125334e-07
Drug_3339,6.556813808125334e-07
Drug_100005556,6.556813808125334e-07
Drug_5493444,6.556813808125334e-07
Drug_100002345,6.556813808125334e-07
Drug_60825,6.556813808125334e-07
Drug_100003877,6.556813808125334e-07
Drug_5311067,6.556813808125334e-07
Drug_100005978,6.556813808125334e-07
Drug_100013342,6.556813808125334e-07
Drug_13342,6.556813808125334e-07
Drug_6167,6.556813808125334e-07
Drug_77992,6.556813808125334e-07
Drug_100060164,6.556813808125334e-07
Drug_5281040,6.556813808125334e-07
Drug_100004680,6.556813808125334e-07
Drug_3007855,6.556813808125334e-07
Drug_100005410,6.556813808125334e-07
Drug_103086686,6.556813808125334e-07
Drug_100005775,6.556813808125334e-07
Drug_5329102,6.556813808125334e-07
Drug_100208908,6.556813808125334e-07
Drug_6450551,6.556813808125334e-07
Drug_116126651,0.0
Drug_100004030,0.0
Drug_4775,0.0
Drug_6010,0.0
Drug_441401,0.0
Drug_443943,0.0
Drug_32798,0.0
Drug_24821094,0.0
Drug_312,0.0
Drug_100000312,0.0
Drug_100000401,0.0
Drug_4030,0.0
Drug_3830,0.0
Drug_100003676,0.0
Drug_3676,0.0
Drug_100003687,0.0
Drug_6234,0.0
Drug_100005582,0.0
Drug_100003404,0.0
Drug_100000305,0.0
Drug_100006058,0.0
Drug_311,0.0
Drug_6058,0.0
Drug_4993,0.0
Drug_5870,0.0
Drug_5311297,0.0
Drug_100004264,0.0
Drug_446596,0.0
Drug_100004272,0.0
Drug_446541,0.0
Drug_100004138,0.0
Drug_100060490,0.0
Drug_100006436,0.0
Drug_100021800,0.0
Drug_100000698,0.0
Drug_100082146,0.0
Drug_38852,0.0
Drug_100003830,0.0
Drug_68942,0.0
Drug_679,0.0
Drug_100000679,0.0
Drug_100000948,0.0
Drug_449193,0.0
Drug_100000700,0.0
Drug_3002190,0.0
Drug_100005291,0.0
Drug_125102847,0.0
Drug_23985,0.0
Drug_25102847,0.0
Drug_43815,0.0
Drug_100003763,0.0
Drug_100004775,0.0
Drug_60490,0.0
Drug_73491,0.0
Drug_100005311,0.0
Drug_5281004,0.0
Drug_100003890,0.0
Drug_106918638,0.0
Drug_5311,0.0
Drug_6918638,0.0
Drug_100003446,0.0
Drug_3446,0.0
Drug_5486971,0.0
Drug_5905,0.0
Drug_100005672,0.0
Drug_100004054,0.0
Drug_6037,0.0
Drug_100003366,0.0
Drug_100005647,0.0
Drug_3366,0.0
Drug_60772,0.0
Drug_9444,0.0
Drug_100000598,0.0
Drug_598,0.0
Drug_71414,0.0
Drug_9904,0.0
Drug_100000453,0.0
Drug_100000612,0.0
Drug_100003385,0.0
Drug_100151165,0.0
Drug_100036811,0.0
Drug_100122197,0.0
Drug_100006468,0.0
Drug_100003405,0.0
Drug_4054,0.0
Drug_100003350,0.0
Drug_5324345,0.0
Drug_100003333,0.0
Drug_100003382,0.0
Drug_5743,0.0
Drug_5757,0.0
Drug_100003414,0.0
Drug_4887,0.0
Drug_100003417,0.0
Drug_100003488,0.0
Drug_6918365,0.0
Drug_100003517,0.0
Drug_3385,0.0
Drug_100003520,0.0
Drug_3520,0.0
Drug_100003598,0.0
Drug_154677977,0.0
Drug_3598,0.0
Drug_100003637,0.0
Drug_3637,0.0
Drug_5523,0.0
Drug_100074989,0.0
Drug_21800,0.0
Drug_3373,0.0
Drug_100104758,0.0
Drug_100121749,0.0
Drug_104758,0.0
Drug_121749,0.0
Drug_149436,0.0
Drug_5582,0.0
Drug_110096344,0.0
Drug_111235728,0.0
Drug_11243969,0.0
Drug_4369359,0.0
Drug_111531537,0.0
Drug_100057469,0.0
Drug_57469,0.0
Drug_100208898,0.0
Drug_100003056,0.0
Drug_100071362,0.0
Drug_6918172,0.0
Drug_100023982,0.0
Drug_100156418,0.0
Drug_156418,0.0
Drug_23982,0.0
Drug_100023993,0.0
Drug_23993,0.0
Drug_100023994,0.0
Drug_244,0.0
Drug_100000774,0.0
Drug_100005526,0.0
Drug_107706,0.0
Drug_774,0.0
Drug_977,0.0
Drug_54671203,0.0
Drug_100216209,0.0
Drug_445226,0.0
Drug_42611257,0.0
Drug_10077129,0.0
Drug_110028615,0.0
Drug_10096344,0.0
Drug_104369359,0.0
Drug_105251896,0.0
Drug_387447,0.0
Drug_3671,0.0
Drug_100163296,0.0
Drug_163296,0.0
Drug_117754772,0.0
Drug_208908,0.0
Drug_111707110,0.0
Drug_2802,0.0
Drug_4991,0.0
Drug_3202,0.0
Drug_6322,0.0
Drug_100005732,0.0
Drug_6323490,0.0
Drug_51634,0.0
Drug_441314,0.0
Drug_10917,0.0
Drug_105353980,0.0
Drug_110163178,0.0
Drug_10184653,0.0
Drug_100123619,0.0
Drug_216210,0.0
Drug_13505,0.0
Drug_115355,0.0
Drug_100115355,0.0
Drug_100051577,0.0
Drug_100005486,0.0
Drug_100004739,0.0
Drug_439693,0.0
Drug_100004786,0.0
Drug_4908,0.0
Drug_100004932,0.0
Drug_4932,0.0
Drug_16230,0.0
Drug_100004993,0.0
Drug_100005040,0.0
Drug_100003449,0.0
Drug_100004456,0.0
Drug_100000244,0.0
Drug_100000581,0.0
Drug_12035,0.0
Drug_9651,0.0
Drug_100004473,0.0
Drug_100004497,0.0
Drug_4497,0.0
Drug_100004510,0.0
Drug_65981,0.0
Drug_100004599,0.0
Drug_100003553,0.0
Drug_100000271,0.0
Drug_271,0.0
Drug_100003256,0.0
Drug_100003379,0.0
Drug_100003399,0.0
Drug_5353853,0.0
Drug_26757,0.0
Drug_100004248,0.0
Drug_64142,0.0
Drug_100000191,0.0
Drug_60961,0.0
Drug_100000232,0.0
Drug_100001727,0.0
Drug_23994,0.0
Drug_100024450,0.0
Drug_24450,0.0
Drug_100024748,0.0
Drug_64730,0.0
Drug_60946,0.0
Drug_31401,0.0
Drug_2333,0.0
Drug_5717,0.0
Drug_100005721,0.0
Drug_60855,0.0
Drug_5430,0.0
Drug_100216326,0.0
Drug_100134780,0.0
Drug_100005426,0.0
Drug_100005403,0.0
Drug_5238,0.0
Drug_100005238,0.0
Drug_5770,0.0
Drug_100006049,0.0
Drug_23925,0.0
Drug_16124,0.0
Drug_100016124,0.0
Drug_27885548,0.0
Drug_100009354,0.0
Drug_6503,0.0
Drug_100006503,0.0
Drug_6049,0.0
Drug_100023926,0.0
Drug_1051,0.0
Drug_107969,0.0
Drug_2148,0.0
Drug_100003198,0.0
Drug_100014917,0.0
Drug_3902,0.0
Drug_100004740,0.0
Drug_2153,0.0
Drug_4740,0.0
Drug_100002156,0.0
Drug_100002161,0.0
Drug_100002610,0.0
Drug_100002617,0.0
Drug_2519,0.0
Drug_3278,0.0
Drug_2162,0.0
Drug_4485,0.0
Drug_100002177,0.0
Drug_65016,0.0
Drug_51038,0.0
Drug_5742673,0.0
Drug_100002153,0.0
Drug_100002519,0.0
Drug_100003685,0.0
Drug_100003009,0.0
Drug_100028486,0.0
Drug_2266,0.0
Drug_100002182,0.0
Drug_109871419,0.0
Drug_2182,0.0
Drug_2520,0.0
Drug_100003443,0.0
Drug_100004689,0.0
Drug_100005297,0.0
Drug_15541,0.0
Drug_165579,0.0
Drug_2708,0.0
Drug_9552079,0.0
Drug_100002719,0.0
Drug_100060852,0.0
Drug_2088,0.0
Drug_3699,0.0
Drug_4673,0.0
Drug_2719,0.0
Drug_100002578,0.0
Drug_100107969,0.0
Drug_5362065,0.0
Drug_6321411,0.0
Drug_446157,0.0
Drug_100002548,0.0
Drug_1548943,0.0
Drug_2548,0.0
Drug_100003202,0.0
Drug_667490,0.0
Drug_100002099,0.0
Drug_2099,0.0
Drug_100002756,0.0
Drug_2130,0.0
Drug_2756,0.0
Drug_2712,0.0
Drug_100002563,0.0
Drug_2578,0.0
Drug_5463984,0.0
Drug_54891,0.0
Drug_62956,0.0
Drug_72022,0.0
Drug_100000085,0.0
Drug_106918670,0.0
Drug_6918670,0.0
Drug_116132344,0.0
Drug_116156130,0.0
Drug_16132344,0.0
Drug_16157882,0.0
Drug_124776445,0.0
Drug_24776445,0.0
Drug_21109,0.0
Drug_9871419,0.0
Drug_100150311,0.0
Drug_150311,0.0
Drug_100000143,0.0
Drug_100002802,0.0
Drug_100003373,0.0
Drug_116132283,0.0
Drug_6918537,0.0
Drug_103010818,0.0
Drug_10324367,0.0
Drug_104659568,0.0
Drug_104659569,0.0
Drug_4659569,0.0
Drug_5281081,0.0
Drug_105327147,0.0
Drug_44462760,0.0
Drug_100132999,0.0
Drug_2161,0.0
Drug_100002162,0.0
Drug_2484,0.0
Drug_100005257,0.0
Drug_444412,0.0
Drug_100129806,0.0
Drug_3937,0.0
Drug_2267,0.0
Drug_100002284,0.0
Drug_100003640,0.0
Drug_5754,0.0
Drug_100002311,0.0
Drug_100003419,0.0
Drug_100003937,0.0
Drug_100003425,0.0
Drug_5462501,0.0
Drug_100005005,0.0
Drug_100005038,0.0
Drug_100005483,0.0
Drug_100055331,0.0
Drug_100060184,0.0
Drug_100062956,0.0
Drug_100072022,0.0
Drug_100107994,0.0
Drug_100443379,0.0
Drug_107807,0.0
Drug_4507,0.0
Drug_222,0.0
Drug_9400,0.0
Drug_5362118,0.0
Drug_5362129,0.0
Drug_2345,0.0
Drug_888,0.0
Drug_100000896,0.0
Drug_208902,0.0
Drug_100000923,0.0
Drug_923,0.0
Drug_100000937,0.0
Drug_100003019,0.0
Drug_100039042,0.0
Drug_6224,0.0
Drug_68844,0.0
Drug_3108,0.0
Drug_105310993,0.0
Drug_3019,0.0
Drug_39042,0.0
Drug_100002021,0.0
Drug_5284566,0.0
Drug_946,0.0
Drug_100000961,0.0
Drug_100003339,0.0
Drug_961,0.0
Drug_3380,0.0
Drug_5732,0.0
Drug_727,0.0
Drug_100003117,0.0
Drug_3117,0.0
Drug_100003143,0.0
Drug_100004666,0.0
Drug_3463,0.0
Drug_100003062,0.0
Drug_100003108,0.0
Drug_4595,0.0
Drug_100003929,0.0
Drug_750,0.0
Drug_100000753,0.0
Drug_753,0.0
Drug_100000767,0.0
Drug_100001798,0.0
Drug_100003255,0.0
Drug_100005352,0.0
Drug_105361912,0.0
Drug_71771,0.0
Drug_3332,0.0
Drug_100003657,0.0
Drug_100003702,0.0
Drug_100005514,0.0
Drug_100005727,0.0
Drug_100000888,0.0
Drug_948,0.0
Drug_100000738,0.0
Drug_1986,0.0
Drug_3038,0.0
Drug_3702,0.0
Drug_3998,0.0
Drug_4100,0.0
Drug_5284549,0.0
Drug_5284627,0.0
Drug_5560,0.0
Drug_100002732,0.0
Drug_148123,0.0
Drug_1549007,0.0
Drug_100003182,0.0
Drug_100005300,0.0
Drug_700,0.0
Drug_100002658,0.0
Drug_100005029,0.0
Drug_100003463,0.0
Drug_100002833,0.0
Drug_10607,0.0
Drug_109846180,0.0
Drug_109853053,0.0
Drug_124812758,0.0
Drug_24812758,0.0
Drug_100004057,0.0
Drug_100154058,0.0
Drug_100002726,0.0
Drug_2726,0.0
Drug_100002733,0.0
Drug_100004051,0.0
Drug_100002800,0.0
Drug_1548952,0.0
Drug_100002812,0.0
Drug_100002708,0.0
Drug_100005566,0.0
Drug_100002088,0.0
Drug_100004673,0.0
Drug_3000226,0.0
Drug_100003043,0.0
Drug_50599,0.0
Drug_5245,0.0
Drug_60852,0.0
Drug_100667490,0.0
Drug_134018,0.0
Drug_2094,0.0
Drug_2733,0.0
Drug_5768,0.0
Drug_159269,0.0
Drug_5282379,0.0
Drug_100001084,0.0
Drug_100001125,0.0
Drug_100005564,0.0
Drug_102723601,0.0
Drug_2723601,0.0
Drug_44257,0.0
Drug_5546,0.0
Drug_5564,0.0
Drug_100003461,0.0
Drug_1972,0.0
Drug_5479529,0.0
Drug_60749,0.0
Drug_100001972,0.0
Drug_31703,0.0
Drug_1775,0.0
Drug_100001130,0.0
Drug_1130,0.0
Drug_100005212,0.0
Drug_100110634,0.0
Drug_100110635,0.0
Drug_100002909,0.0
Drug_106435110,0.0
Drug_2973,0.0
Drug_100002978,0.0
Drug_16078,0.0
Drug_100001990,0.0
Drug_100001971,0.0
Drug_441300,0.0
Drug_100001690,0.0
