node,closeness_centrality
Drug_100001978,0.2725655895102692
Drug_9880,0.2721417751825565
Drug_28864,0.27156117791199635
Drug_5359272,0.2699381980555722
Drug_4171,0.26947063766633045
Drug_71360,0.2692633525604333
Drug_100003938,0.2686949593771355
Drug_71348,0.2682316922057956
Drug_100002159,0.2679237338909784
Drug_4636,0.2673099338133358
Drug_100004976,0.2672589107299586
Drug_100065014,0.2672589107299586
Drug_100005078,0.26720790712104064
Drug_5282381,0.26720790712104064
Drug_27400,0.2671059582820017
Drug_3981,0.26685142620816715
Drug_100002781,0.26644518236236975
Drug_100003157,0.2659391136399341
Drug_23897,0.26588861247896944
Drug_100005454,0.26583813049444716
Drug_4926,0.2657876676754467
Drug_5454,0.26563639410249534
Drug_100023897,0.2654349636614698
Drug_129211,0.2654349636614698
Drug_100004011,0.2652840911925451
Drug_5487,0.26513339013714315
Drug_100036523,0.264982860203303
Drug_100156326,0.2649327215353364
Drug_51263,0.26478241931056223
Drug_100003340,0.264732356459492
Drug_2729,0.264732356459492
Drug_5401,0.26438244586749493
Drug_100003827,0.2642826412446684
Drug_2239,0.2641829119460855
Drug_100002995,0.2641829119460855
Drug_3083544,0.2641330755167427
Drug_4631,0.26393391768411933
Drug_5362436,0.26383445134996286
Drug_100032800,0.2636853923379007
Drug_100003250,0.2635365016589974
Drug_10531,0.26348690879078907
Drug_3372,0.26343733458405516
Drug_4976,0.2632887238274263
Drug_60846,0.26318974310418286
Drug_163091,0.26318974310418286
Drug_5095,0.2630908367745684
Drug_100008230,0.2628932469609938
Drug_3827,0.26259741810094767
Drug_100003869,0.2624989563768753
Drug_3410,0.2624497531985479
Drug_657237,0.26240056846219134
Drug_4011,0.2621549210474168
Drug_100004436,0.2621058467454611
Drug_4736,0.2621058467454611
Drug_439302,0.26205679081307376
Drug_3519,0.2620077532399426
Drug_100004253,0.2620077532399426
Drug_10836,0.261958734015763
Drug_100004927,0.261958734015763
Drug_100071360,0.26190973313023813
Drug_100005152,0.26190973313023813
Drug_100027400,0.2617139127690193
Drug_100010100,0.26161611235318627
Drug_4830,0.2615183850045299
Drug_39860,0.26146954870480915
Drug_9833444,0.261371930803482
Drug_100054373,0.2613231491814582
Drug_100005401,0.26127438576492873
Drug_100002092,0.2611282046464478
Drug_100002443,0.26103084140832455
Drug_657180,0.26098218701104436
Drug_9825285,0.2608849326093261
Drug_1978,0.2608849326093261
Drug_100060612,0.2607877506638579
Drug_100002476,0.2606906410936982
Drug_5709,0.2606421134240977
Drug_27991,0.2605936038180259
Drug_100003915,0.26044818328018104
Drug_54384,0.2603997458274601
Drug_2477,0.2603513263879236
Drug_3749,0.2603513263879236
Drug_100005358,0.2601578285608051
Drug_100158781,0.2601578285608051
Drug_100003372,0.2601094990366437
Drug_3157,0.2601094990366437
Drug_2783,0.2600611874655002
Drug_151171,0.2600611874655002
Drug_100071348,0.26001289383737286
Drug_115237,0.25996461814226757
Drug_100039860,0.25991636037019733
Drug_100051263,0.25991636037019733
Drug_24965990,0.25991636037019733
Drug_3345,0.25991636037019733
Drug_100104865,0.2598681205111828
Drug_5775,0.259819898555252
Drug_100213046,0.25967534000635256
Drug_100003519,0.25967534000635256
Drug_100004828,0.25967534000635256
Drug_2771,0.2595790569733506
Drug_5282411,0.2595790569733506
Drug_100005775,0.25948284531398313
Drug_2476,0.2593867049489168
Drug_100003066,0.2593867049489168
Drug_109825285,0.2592426279048793
Drug_100002369,0.25919463778494134
Drug_100005524,0.25914666542925285
Drug_100060878,0.25914666542925285
Drug_100002914,0.25905077397118464
Drug_6918554,0.2590028548491034
Drug_100005650,0.2590028548491034
Drug_5533,0.2589070697696474
Drug_3954,0.2589070697696474
Drug_8230,0.25885920379261473
Drug_2369,0.2588113555109525
Drug_100002083,0.2588113555109525
Drug_5959,0.25871571199450355
Drug_100151171,0.25866791674011697
Drug_3066,0.2586201391419012
Drug_100002540,0.2585723791900744
Drug_100057537,0.2585246368748621
Drug_41693,0.25847691218649677
Drug_5284594,0.25842920511521833
Drug_5281037,0.2583338437849175
Drug_100004639,0.25828618950641086
Drug_2435,0.25823855280602237
Drug_100000298,0.25823855280602237
Drug_100002170,0.25819093367402784
Drug_2083,0.25814333210071033
Drug_100027991,0.258000632635757
Drug_5467,0.2579531012001203
Drug_2761,0.2579055872746828
Drug_100123597,0.25785809084977035
Drug_4917,0.2578106119157159
Drug_100000159,0.2578106119157159
Drug_838,0.2577631504628595
Drug_100004428,0.2577157064815485
Drug_104865,0.2576682799621371
Drug_3168,0.25752610507895035
Drug_5284604,0.2574787483108225
Drug_8223,0.2573840870062965
Drug_2828,0.2572422254848894
Drug_100068613,0.25714773798241564
Drug_100005002,0.2569589710615256
Drug_638678,0.25686469149041513
Drug_3151,0.2567234017811245
Drug_100004635,0.25667633974596754
Drug_100005095,0.2565352571114425
Drug_116131215,0.25625355660948995
Drug_100003954,0.25611293823198333
Drug_100004748,0.2560660997282833
Drug_100115237,0.2560192783533101
Drug_100002771,0.2560192783533101
Drug_158781,0.2560192783533101
Drug_5311065,0.2560192783533101
Drug_5078,0.2560192783533101
Drug_3386,0.2558789169068445
Drug_3916,0.2558321639529057
Drug_100004163,0.2557854280807916
Drug_60795,0.2556453228618319
Drug_100003251,0.2556453228618319
Drug_4946,0.2556453228618319
Drug_2170,0.25545875448171007
Drug_4205,0.2552259265975671
Drug_106433117,0.2550864334695305
Drug_2215,0.25494709273748234
Drug_100005771,0.254900679649418
Drug_3155,0.2547615417238452
Drug_100004631,0.25466886746348727
Drug_100003158,0.25462255561270286
Drug_100059768,0.2545299824239689
Drug_443884,0.2542988436822109
Drug_441277,0.2541142347212801
Drug_4449,0.2540681243538837
Drug_2763,0.2540220307173899
Drug_100003151,0.25397595380269417
Drug_100003916,0.2538378232984505
Drug_59226,0.2538378232984505
Drug_5073,0.253791813180035
Drug_5357,0.25347020878244986
Drug_8226,0.25319519589769496
Drug_5378,0.2531494184260085
Drug_2541,0.2531494184260085
Drug_4140,0.2531036575043841
Drug_3340,0.25305791312384834
Drug_5288826,0.25301218527543423
Drug_2216,0.25287510083334896
Drug_100002215,0.25287510083334896
Drug_213046,0.25278379370179693
Drug_100003410,0.2527381648581684
Drug_100003911,0.2526925524840738
Drug_5311068,0.2525558140898725
Drug_2585,0.2525558140898725
Drug_110465263,0.25246473734479863
Drug_100002366,0.25246473734479863
Drug_11658859,0.25237372626428495
Drug_100004885,0.2523282453260503
Drug_100125017,0.2522827807773429
Drug_31100,0.25223733260930514
Drug_124965990,0.25205570356692225
Drug_100003168,0.252010337169592
Drug_2540,0.2518743359083024
Drug_5284596,0.2518290347687505
Drug_5152,0.2516479930471339
Drug_100005656,0.2515575697654066
Drug_106918313,0.25151238248863894
Drug_100077998,0.2514672114429334
Drug_43008,0.2514672114429334
Drug_125017,0.2514672114429334
Drug_100004422,0.2514672114429334
Drug_100104849,0.25142205661954625
Drug_2366,0.25142205661954625
Drug_2092,0.25133179560478425
Drug_2352,0.25133179560478425
Drug_2159,0.25128668939595356
Drug_100060146,0.2512415993745295
Drug_216237,0.2511965255318
Drug_4828,0.25115146785905884
Drug_100216237,0.25115146785905884
Drug_4436,0.25106140098874896
Drug_4850,0.25101639177379936
Drug_100002477,0.25097139869407653
Drug_5524,0.25097139869407653
Drug_123668479,0.25097139869407653
Drug_100002435,0.25092642174090557
Drug_5311507,0.25092642174090557
Drug_100003749,0.2508365161795509
Drug_100004171,0.2507466750204608
Drug_119569,0.2507466750204608
Drug_3343,0.2506568981944599
Drug_6005,0.2506120338847777
Drug_4639,0.2506120338847777
Drug_100003779,0.25056718563247193
Drug_5284603,0.25056718563247193
Drug_5280360,0.24998561566046293
Drug_100003325,0.24998561566046293
Drug_100004140,0.24980721379380075
Drug_100002216,0.24980721379380075
Drug_5358,0.2496735794069638
Drug_100042955,0.2496290663780091
Drug_3869,0.24954008791913262
Drug_100012453,0.2493179190374382
Drug_100001206,0.2492735327246311
Drug_951,0.2492291622132882
Drug_100002541,0.24918480749497293
Drug_100032281,0.24900754638347022
Drug_125074886,0.24883053728705404
Drug_100002249,0.24883053728705404
Drug_3779,0.2486537796686651
Drug_5815,0.24830101672535076
Drug_100005487,0.24830101672535076
Drug_2249,0.24821298232835548
Drug_5825,0.24816898853496153
Drug_5002,0.24816898853496153
Drug_65014,0.24794925328745407
Drug_100004768,0.24794925328745407
Drug_109800339,0.24790535292391164
Drug_3158,0.24764227685076992
Drug_16136245,0.24764227685076992
Drug_100002764,0.24755470886037007
Drug_100002955,0.24751094808454183
Drug_5355,0.2473797585360871
Drug_100054313,0.2473360595856303
Drug_4748,0.24724870798415208
Drug_100005533,0.247205055316782
Drug_100000158,0.2469870229871676
Drug_100003155,0.2469870229871676
Drug_100002678,0.2465521101099231
Drug_100002141,0.24642193476139618
Drug_3658,0.24642193476139618
Drug_104741,0.2462918968010999
Drug_4768,0.24624858130746627
Drug_100004048,0.24624858130746627
Drug_100005381,0.24624858130746627
Drug_100009904,0.24620528104699368
Drug_82146,0.24620528104699368
Drug_100003379,0.24616199601164787
Drug_5280453,0.24616199601164787
Drug_20469,0.24616199601164787
Drug_116136245,0.24607547158422724
Drug_100003382,0.24603223217611195
Drug_100003345,0.24598900796104237
Drug_100004536,0.2459457989310123
Drug_77998,0.2456437602305707
Drug_3696,0.2456006723933087
Drug_100003658,0.2451277019107586
Drug_23668479,0.24504190292514055
Drug_5419,0.24474207888730173
Drug_47811,0.24457108005489137
Drug_65999,0.24452836767625794
Drug_2955,0.24452836767625794
Drug_100002949,0.2443150293690897
Drug_5452,0.24427240637024653
Drug_5280723,0.24367724213613873
Drug_4893,0.243380746273988
Drug_2950,0.24325389737912667
Drug_2678,0.2430427761350899
Drug_439260,0.24278991387450202
Drug_100021800,0.24270574333753736
Drug_100004638,0.24270574333753736
Drug_100060164,0.24266367995047716
Drug_100082146,0.24266367995047716
Drug_444008,0.24266367995047716
Drug_5311067,0.24266367995047716
Drug_9878,0.24262163114092067
Drug_100003381,0.24262163114092067
Drug_6436,0.24262163114092067
Drug_100003964,0.24262163114092067
Drug_449171,0.24253757722401748
Drug_77993,0.24253757722401748
Drug_6446,0.24253757722401748
Drug_21800,0.24249557210153325
Drug_100006436,0.24249557210153325
Drug_100154256,0.24249557210153325
Drug_5281004,0.24249557210153325
Drug_100002585,0.24249557210153325
Drug_100004184,0.2423696439872344
Drug_100444033,0.2423276970083512
Drug_5865,0.24211817971887478
Drug_60164,0.24211817971887478
Drug_100003370,0.24207631972929686
Drug_100004736,0.24207631972929686
Drug_4057,0.24182546343942193
Drug_100004493,0.24178370459579573
Drug_100003397,0.2417419601716597
Drug_4184,0.24170023015954653
Drug_2764,0.24165851455199394
Drug_100002803,0.24136690800107793
Drug_100002160,0.24115904810786307
Drug_100004449,0.24111751908287463
Drug_100003386,0.24111751908287463
Drug_24066,0.24103450392739764
Drug_100004585,0.24099301778214338
Drug_100065999,0.240910088319727
Drug_100060853,0.2408686449878295
Drug_2995,0.24074440050107515
Drug_100483407,0.24057894043200223
Drug_100002344,0.240413707643244
Drug_100004440,0.24028993192281675
Drug_37464,0.2400839220360516
Drug_100060795,0.23991936828551286
Drug_3964,0.23967296017019055
Drug_100000838,0.23963194135106164
Drug_11683,0.23963194135106164
Drug_100002801,0.2389775445151482
Drug_5281034,0.23885524280352322
Drug_100004425,0.23881450337954171
Drug_154417,0.2387330662087388
Drug_100002818,0.23865168456012492
Drug_100002913,0.23861101453889794
Drug_2913,0.23857035837693866
Drug_59768,0.23844847297586055
Drug_26986,0.23824560716594403
Drug_2801,0.23808356288288607
Drug_100005073,0.2380430862485979
Drug_5381,0.23788131724673006
Drug_60853,0.23788131724673006
Drug_100003348,0.23780051516886092
Drug_5280363,0.23763907557947267
Drug_100002905,0.23759874992605684
Drug_6436173,0.23755843795626963
Drug_1548999,0.23743758407906612
Drug_100071301,0.23743758407906612
Drug_5736,0.23731685310411066
Drug_100003696,0.23711590741985655
Drug_100004745,0.23711590741985655
Drug_3494,0.23711590741985655
Drug_1065,0.23699550326916943
Drug_100004205,0.23695539572080776
Drug_100004168,0.23671503521796333
Drug_4066,0.2365550656047057
Drug_4417,0.2365550656047057
Drug_2583,0.23643523021179555
Drug_31378,0.23643523021179555
Drug_100004917,0.23623577413771776
Drug_4585,0.23619592329862568
Drug_3219,0.2361162619416953
Drug_4927,0.2361162619416953
Drug_100003384,0.2359571003225907
Drug_100000160,0.23591734343963824
Drug_5281071,0.23583786985249336
Drug_100060864,0.23563941994517892
Drug_9417,0.23508553279285643
Drug_100003219,0.2349671812911987
Drug_2141,0.23492775726749213
Drug_4168,0.23473083542569206
Drug_5656,0.2346521590940595
Drug_100022258,0.2346128407027904
Drug_33036,0.23449496454768934
Drug_100072054,0.23441644622706398
Drug_16362,0.2343379804710047
Drug_4034,0.2343379804710047
Drug_100004057,0.23418120644158774
Drug_2370,0.2341420457047246
Drug_5832,0.23410289806290804
Drug_6215,0.23406376350957092
Drug_2344,0.23402464203815024
Drug_100002583,0.23398553364208774
Drug_5311181,0.23398553364208774
Drug_5920,0.2339073560498251
Drug_100005267,0.23386828684053
Drug_5572,0.23375115748151137
Drug_106433091,0.23355620238769859
Drug_100016362,0.23355620238769859
Drug_100002370,0.23355620238769859
Drug_100060830,0.23351725038596616
Drug_100003007,0.23340047229775848
Drug_100000214,0.23340047229775848
Drug_100041693,0.23336157221904216
Drug_3306,0.233322685104858
Drug_100154058,0.23328381094872594
Drug_5702160,0.23328381094872594
Drug_71301,0.2331672661639056
Drug_100005039,0.23312844377526692
Drug_5039,0.23297328341335324
Drug_4819,0.23285704861371248
Drug_100001993,0.23274092973973623
Drug_6918313,0.2326249266180849
Drug_100003559,0.23254765542505448
Drug_100006726,0.23250903907576437
Drug_154058,0.232393266940125
Drug_104849,0.2322776100388608
Drug_3661,0.2322390833163465
Drug_11519069,0.2322390833163465
Drug_100003918,0.2322390833163465
Drug_4919,0.23220056937218128
Drug_4615,0.23212357979347698
Drug_100004120,0.231969753696861
Drug_2381,0.23193132902339786
Drug_111519069,0.23189291707755103
Drug_2564,0.23189291707755103
Drug_3746,0.23181613134341938
Drug_2905,0.23154778126579345
Drug_100002684,0.23135648270228903
Drug_100077992,0.2313182609142992
Drug_21855,0.23116549996933353
Drug_100003746,0.23086058257448525
Drug_5360515,0.23086058257448525
Drug_444030,0.2306324218933047
Drug_9681,0.23051851058845127
Drug_941651,0.23044263221103573
Drug_2818,0.2304047117515638
Drug_72054,0.2304047117515638
Drug_3559,0.2303289082602818
Drug_6726,0.2299128790335391
Drug_111228026,0.22987513270632953
Drug_443943,0.2297619680528804
Drug_9904,0.22968658682976592
Drug_4042,0.22964891476369576
Drug_100003399,0.22957360769212215
Drug_82153,0.22957360769212215
Drug_1993,0.22957360769212215
Drug_443872,0.22938555591648968
Drug_100004160,0.22934798252485716
Drug_225609,0.22934798252485716
Drug_100003008,0.2290103750922887
Drug_100005452,0.228785855116708
Drug_9838021,0.22874847791443442
Drug_16131215,0.22859909115334742
Drug_100004034,0.2285617749451931
Drug_2467,0.22833813328673402
Drug_100000951,0.22822647649784078
Drug_3002977,0.22792925823119858
Drug_28417,0.2278921603701584
Drug_105001396,0.22770685205956304
Drug_103052762,0.22748487949866011
Drug_10660,0.2271895884008199
Drug_4095,0.22689506292566083
Drug_100004893,0.22682155083658725
Drug_100071329,0.22663797884659326
Drug_100003553,0.22663797884659326
Drug_100003392,0.22663797884659326
Drug_100003000,0.22663797884659326
Drug_100002524,0.22660130009940976
Drug_9642,0.22656463322237103
Drug_100104741,0.22656463322237103
Drug_6010,0.22652797820971576
Drug_444036,0.22649133505568636
Drug_2375,0.22649133505568636
Drug_4829,0.22645470375452906
Drug_100005595,0.22645470375452906
Drug_32798,0.22645470375452906
Drug_216416,0.22641808430049368
Drug_100005470,0.22641808430049368
Drug_5833,0.22638147668783398
Drug_6230,0.22638147668783398
Drug_51601240,0.2263082969636743
Drug_151601240,0.2263082969636743
Drug_6741,0.22627172484070024
Drug_6279,0.22627172484070024
Drug_100002462,0.22616207935943353
Drug_100004542,0.2261255544758161
Drug_5755,0.22608904138773667
Drug_100004829,0.225833779566815
Drug_16133802,0.2257245580064893
Drug_100003961,0.2255427566550021
Drug_100124087,0.2253612479179548
Drug_3055,0.225143822690827
Drug_5311101,0.22510762593476738
Drug_100004095,0.22499910546589313
Drug_100000444,0.22499910546589313
Drug_383413,0.22481847034589802
Drug_116132265,0.22474629748222363
Drug_4723,0.22463812503036307
Drug_9966051,0.22460209068242748
Drug_100148211,0.22449405696877556
Drug_100077993,0.2243861271336944
Drug_100004634,0.2242783010274312
Drug_3348,0.2242783010274312
Drug_3042,0.22424238201701685
Drug_116129617,0.22420647450988843
Drug_100003042,0.2241705785005208
Drug_5284371,0.2240629594037851
Drug_100004543,0.2240629594037851
Drug_39468,0.2240271093302805
Drug_100005184,0.22399127072696418
Drug_100005718,0.2238838236831233
Drug_100006238,0.2238838236831233
Drug_100004724,0.22384803090555605
Drug_443878,0.22363351434503323
Drug_100031378,0.2234907315745017
Drug_100004046,0.22324129995444086
Drug_100003003,0.22317013600800972
Drug_3052762,0.22317013600800972
Drug_63009,0.22317013600800972
Drug_5184,0.22295691613284285
Drug_100005512,0.22256706935530965
Drug_100002791,0.2224963345485862
Drug_100005090,0.22231969407974803
Drug_5029,0.22228439963712543
Drug_4848,0.2222491163990878
Drug_100003387,0.22214333385915486
Drug_2803,0.22179145149916887
Drug_6238,0.2217563245667173
Drug_2160,0.22158085667261485
Drug_100005419,0.22158085667261485
Drug_100002564,0.22158085667261485
Drug_100005035,0.22151074724161574
Drug_3001055,0.22147570916074866
Drug_100004058,0.22133566761211715
Drug_146570,0.22119580305122483
Drug_100002520,0.2210212207283746
Drug_6013,0.22098633732863843
Drug_100005572,0.22081208536733213
Drug_49800046,0.22081208536733213
Drug_124087,0.2207772679461137
Drug_100003914,0.2207772679461137
Drug_4543,0.22067288153100914
Drug_100002725,0.22060334540952467
Drug_4747,0.2204991233565753
Drug_3103,0.2203949997346534
Drug_2405,0.22032563860177073
Drug_100003623,0.22025632111282883
Drug_36811,0.22025632111282883
Drug_5282593,0.2201178169020992
Drug_5909,0.2199794867736454
Drug_100004782,0.21984133039947448
Drug_4493,0.21980681841668023
Drug_25074886,0.21959997385731697
Drug_100005593,0.21949669749400424
Drug_100003209,0.21942790053506553
Drug_100004159,0.21939351822536085
Drug_2474,0.21922176817195133
Drug_100002405,0.21922176817195133
Drug_681,0.21887907352106503
Drug_6918155,0.21887907352106503
Drug_100005731,0.21870812766545658
Drug_100656628,0.21867397053166532
Drug_100005478,0.21867397053166532
Drug_4058,0.2186398240653112
Drug_5591,0.2186398240653112
Drug_100003494,0.21860568826139784
Drug_100000853,0.21857156311493178
Drug_3623,0.21850334477438407
Drug_100062924,0.21846925157033126
Drug_3883,0.21846925157033126
Drug_2769,0.21846925157033126
Drug_100219024,0.21840109706976338
Drug_5593,0.21823089671356813
Drug_4820,0.2181289037722781
Drug_4440,0.2181289037722781
Drug_3100,0.21806096142567405
Drug_5282380,0.21802700612180834
Drug_100005544,0.21802700612180834
Drug_100003367,0.2179930613909782
Drug_446284,0.21765419451488466
Drug_444795,0.21762036576224011
Drug_3241,0.21721523942200638
Drug_4601,0.21721523942200638
Drug_4746,0.21671094773475516
Drug_115951529,0.21650988608539556
Drug_3961,0.21650988608539556
Drug_100004042,0.21647641207703355
Drug_100003056,0.21647641207703355
Drug_100005645,0.21644294841772346
Drug_5995,0.2164094951026666
Drug_71414,0.2164094951026666
Drug_100004894,0.2163760521270674
Drug_100005410,0.2163760521270674
Drug_100002375,0.2163760521270674
Drug_31307,0.21627578518910304
Drug_9782,0.21620899217329417
Drug_5284570,0.21617561113389733
Drug_109854489,0.21600886043107884
Drug_219024,0.21600886043107884
Drug_116130957,0.21594223215827468
Drug_5312125,0.21594223215827468
Drug_2725,0.21590893343319245
Drug_100002308,0.21590893343319245
Drug_441336,0.21560970639270913
Drug_100004240,0.21557651013306436
Drug_4004,0.2155433240939429
Drug_100004004,0.21551014827062537
Drug_1615,0.21551014827062537
Drug_4634,0.2154438272525393
Drug_100208902,0.2153444222261232
Drug_100037392,0.2153113075986857
Drug_3198,0.21514588711036464
Drug_15209,0.21504675676766288
Drug_100005516,0.2147828552407199
Drug_5743,0.21474991308500813
Drug_9854489,0.21461824544976288
Drug_100004196,0.2145524721597078
Drug_100005032,0.21448673917191377
Drug_3156,0.21448673917191377
Drug_68712,0.21445388777979063
Drug_444,0.21438821517596893
Drug_100004900,0.21435539395502953
Drug_100005538,0.214256990560712
Drug_3007,0.214256990560712
Drug_100003100,0.2141586774723544
Drug_3689,0.21402773361575253
Drug_25151504,0.21399502266762235
Drug_3957,0.21399502266762235
Drug_100060834,0.21386427880162717
Drug_100004810,0.21383161779386883
Drug_100004746,0.21373369459842056
Drug_3148,0.21357068842499285
Drug_57537,0.21353811702215236
Drug_100004819,0.21347300401193064
Drug_100010660,0.21347300401193064
Drug_3404,0.2134404623954654
Drug_100004992,0.2133428970462065
Drug_100002487,0.213277903018165
Drug_5566,0.213277903018165
Drug_100003890,0.21321294857838483
Drug_55480,0.21308315831901584
Drug_3036780,0.21308315831901584
Drug_40692,0.21305073544039152
Drug_100004691,0.2130183224272407
Drug_100005408,0.21292114253562242
Drug_100004211,0.21285640518611326
Drug_2520,0.21285640518611326
Drug_100170361,0.21285640518611326
Drug_100004036,0.2127270485132563
Drug_3517,0.21269473390767935
Drug_100004747,0.21266242911820368
Drug_60834,0.21263013414035734
Drug_5253,0.21263013414035734
Drug_942,0.21259784896967096
Drug_154100,0.212436570067403
Drug_4418,0.212436570067403
Drug_100003510,0.2123721270004934
Drug_100072111,0.2123721270004934
Drug_71329,0.21227553567529608
Drug_100060787,0.2122111902567828
Drug_4158,0.21217903217370102
Drug_100003648,0.21214688383549288
Drug_100005566,0.21211474523772958
Drug_55245,0.21201838784286084
Drug_154256,0.21198628816264242
Drug_100060752,0.21195419820076492
Drug_100216416,0.21192211795281568
Drug_105361917,0.21192211795281568
Drug_6337614,0.21189004741438455
Drug_3333,0.21189004741438455
Drug_15951529,0.21185798658106417
Drug_65856,0.2118259354484498
Drug_100003148,0.21172984021083519
Drug_5360696,0.21163383212125952
Drug_5361092,0.21156987508526034
Drug_5361917,0.21128254614671088
Drug_100002512,0.21118694318465356
Drug_5311304,0.2109006527058673
Drug_100000861,0.21086889055937547
Drug_5090,0.2108371379783546
Drug_5584,0.21080539495848435
Drug_3397,0.21080539495848435
Drug_5284569,0.2107736614954468
Drug_100152945,0.21064682312535776
Drug_4211,0.21058346116923643
Drug_5488547,0.2105201373198396
Drug_100003241,0.21048848967442169
Drug_37392,0.21029880344161206
Drug_3005572,0.21026722230278616
Drug_100005404,0.21020408847233946
Drug_3784,0.21010945878065024
Drug_100150310,0.21007793448075815
Drug_60752,0.2098889871554869
Drug_5032,0.20966897773498847
Drug_3406,0.20954346502757454
Drug_33624,0.20954346502757454
Drug_4782,0.20948076500811685
Drug_100000450,0.20929288988254904
Drug_4046,0.20907412771603
Drug_6018,0.20894932596840068
Drug_100004601,0.20873128105459943
Drug_60464,0.20857581309611992
Drug_5994,0.20829655360223936
Drug_100003784,0.20820363320658036
Drug_100005584,0.20817267816150062
Drug_4992,0.20814173231964517
Drug_13109,0.20798714101518911
Drug_100003355,0.20792536877253534
Drug_4810,0.20758627625118653
Drug_5870,0.20758627625118653
Drug_2733525,0.20746324393454632
Drug_100005376,0.20721761629632277
Drug_100004236,0.20718695373102294
Drug_5035,0.20715630023883017
Drug_100005257,0.2070643941606408
Drug_100064929,0.2069725695956028
Drug_64929,0.2069725695956028
Drug_100001071,0.20685026345313237
Drug_3339,0.20685026345313237
Drug_445354,0.20678916457159255
Drug_100003715,0.20663657516444112
Drug_221493,0.20663657516444112
Drug_39186,0.20654512956398483
Drug_100000681,0.20636248096009624
Drug_3947,0.20605878341637276
Drug_12560,0.20593755453952833
Drug_100147912,0.20587699357657008
Drug_5756,0.2058164682219981
Drug_100003640,0.20575597844441632
Drug_100002474,0.20563510549482347
Drug_100005523,0.20563510549482347
Drug_1548954,0.20560490944409002
Drug_2351,0.20560490944409002
Drug_100002726,0.2055143744773599
Drug_100002551,0.20524324733424995
Drug_5754,0.2051229758737552
Drug_2747,0.2050929300299184
Drug_3715,0.20497283462366464
Drug_4189,0.20494283274506045
Drug_60857,0.20488285532839526
Drug_100054688,0.20476300574937892
Drug_5757,0.20458349405526785
Drug_100005318,0.20458349405526785
Drug_100004920,0.20458349405526785
Drug_5472,0.20458349405526785
Drug_2442,0.20437446114643892
Drug_77992,0.20437446114643892
Drug_3032,0.20431481589293055
Drug_60606,0.20422541326053867
Drug_62865,0.20395767418998587
Drug_4032,0.2036610084820732
Drug_100003156,0.20351299902823444
Drug_100003365,0.20351299902823444
Drug_100000698,0.20351299902823444
Drug_100036811,0.2034834229493174
Drug_100000303,0.2030702586387604
Drug_100004189,0.20295251968607814
Drug_100005591,0.2024829260035073
Drug_100082148,0.20233662331130825
Drug_109966051,0.20207381055191992
Drug_100005466,0.20192809825703104
Drug_10133,0.2016663449970118
Drug_100003823,0.20160826973567358
Drug_100003406,0.20160826973567358
Drug_100002187,0.20126051937821662
Drug_2145,0.20114486902948614
Drug_132971,0.20105821845408575
Drug_100003249,0.20091396661131483
Drug_54746,0.20059734001636864
Drug_5280793,0.20051116043452
Drug_151508717,0.20010996617325325
Drug_100004485,0.19999563395432837
Drug_5284566,0.19988143230753078
Drug_89594,0.1997673610093099
Drug_100003957,0.19936913474501683
Drug_100005359,0.19900077221635204
Drug_100002806,0.19885945651388343
Drug_100002826,0.19880298641406405
Drug_100132971,0.19880298641406405
Drug_100002145,0.1986337683805154
Drug_5001396,0.19854926734461897
Drug_5359,0.19852111630713923
Drug_3325,0.19840859193910346
Drug_100004174,0.19790380682886968
Drug_100003269,0.19787583851247217
Drug_100004946,0.19781992558833753
Drug_5281107,0.19781992558833753
Drug_468595,0.1977919809739021
Drug_100065856,0.19776404425342556
Drug_446220,0.19776404425342556
Drug_100005472,0.19773611542356348
Drug_100005076,0.1976244789434373
Drug_92253,0.19742941812101705
Drug_51508717,0.19709592248229912
Drug_100005210,0.1970681820287478
Drug_100004594,0.19704044938281073
Drug_2794,0.19704044938281073
Drug_100004032,0.19695729825773708
Drug_4174,0.19687421728265653
Drug_5213,0.1966806339814936
Drug_100036339,0.19665301029694565
Drug_174174,0.19648743100115815
Drug_100004771,0.19645986155665118
Drug_3965,0.1963496611014238
Drug_100071616,0.1960747000860178
Drug_3191,0.1958278927712242
Drug_100004614,0.1955817060084164
Drug_392622,0.1955817060084164
Drug_100084003,0.19549978125024478
Drug_3308,0.19549978125024478
Drug_84029,0.1953906549419834
Drug_3342,0.1953906549419834
Drug_84003,0.19536339239769124
Drug_100003308,0.19536339239769124
Drug_100005203,0.19525441825606651
Drug_5353980,0.19517276739813955
Drug_100007638,0.1949282240448633
Drug_7638,0.1949010903833871
Drug_91429,0.19487396427477424
Drug_100003256,0.19487396427477424
Drug_100001065,0.19484684571587155
Drug_4614,0.1947655353059192
Drug_100004889,0.19473844691436065
Drug_100004419,0.19468429273001292
Drug_54687,0.19449499004226323
Drug_3510,0.19427909439631652
Drug_170361,0.19414440284446105
Drug_3355,0.19406367752103298
Drug_100002367,0.19400989792354897
Drug_2187,0.19398301930094944
Drug_100003032,0.1939561481249831
Drug_441383,0.1938219038364138
Drug_5482,0.19355397198151134
Drug_5210,0.1935004744768177
Drug_100054840,0.19339356813732775
Drug_31401,0.19328677986116136
Drug_187,0.19318010945284947
Drug_100005508,0.19315346024475832
Drug_5508,0.19307355671735427
Drug_71616,0.19304693689704303
Drug_2726,0.19304693689704303
Drug_100054454,0.19296712146006795
Drug_4888,0.19296712146006795
Drug_60198,0.19291394782505553
Drug_4051,0.192489611398715
Drug_100060198,0.1924102560552773
Drug_1206,0.1924102560552773
Drug_1548952,0.1923309661145952
Drug_100122197,0.19222534779163278
Drug_25096,0.19209348790153014
Drug_100055480,0.1920671376288413
Drug_443953,0.1920407945843167
Drug_60648,0.1920144587649826
Drug_3902,0.19198813016786687
Drug_82148,0.19190918768013335
Drug_11450633,0.1918565954116543
Drug_148192,0.19177776103468744
Drug_6917778,0.19177776103468744
Drug_100003040,0.19177776103468744
Drug_3002190,0.19175149730406096
Drug_100148192,0.19175149730406096
Drug_130881,0.19175149730406096
Drug_4036,0.19169899141761407
Drug_100130881,0.19162028648066964
Drug_60934,0.19138455895492795
Drug_100003793,0.19138455895492795
Drug_100001046,0.19099296594110668
Drug_18381,0.19081077041622418
Drug_100003403,0.1907068146709688
Drug_446155,0.1906029721364352
Drug_4499,0.19055109326541278
Drug_4495,0.19049924262778953
Drug_100002244,0.19034385988502625
Drug_100003394,0.18995650974281006
Drug_100003404,0.18977628535026472
Drug_4771,0.1897505669215684
Drug_60726,0.18962207926791075
Drug_54840,0.1894681235878556
Drug_2244,0.18928882429555943
Drug_100004051,0.18928882429555943
Drug_3394,0.18928882429555943
Drug_1046,0.18898224231532637
Drug_4236,0.18898224231532637
Drug_100003198,0.1888802688944089
Drug_100060726,0.18867665184129537
Drug_43815,0.18854961396636857
Drug_100039764,0.18834670881278626
Drug_39764,0.18834670881278626
Drug_100004158,0.18824541991318272
Drug_100001301,0.18816952470289652
Drug_124950485,0.18771543548924158
Drug_111163584,0.1875896882789728
Drug_100003075,0.18726353260856668
Drug_100002267,0.18723849068123202
Drug_100006018,0.18723849068123202
Drug_100005070,0.1871884269136702
Drug_1549007,0.18703839611464773
Drug_1349907,0.18698843927807868
Drug_100003672,0.18683872875824034
Drug_100001983,0.18671415299563315
Drug_3672,0.18671415299563315
Drug_5411,0.18668925777523374
Drug_1983,0.18663948724530166
Drug_208898,0.18656488118777523
Drug_111020241,0.186192743791789
Drug_3488,0.18616798741048438
Drug_100003488,0.18611849439243028
Drug_5324345,0.18609375775043235
Drug_100003883,0.1856496199037726
Drug_100005253,0.1856496199037726
Drug_100000187,0.1854529050747355
Drug_3001028,0.1849629370296239
Drug_100000699,0.1849140825824423
Drug_5318,0.1849140825824423
Drug_5523,0.18481645107104713
Drug_100000942,0.18481645107104713
Drug_5453,0.1846214970087359
Drug_100002800,0.18447555116129816
Drug_100004499,0.18442695380851595
Drug_100002391,0.18440266473255013
Drug_100219078,0.1841601253865912
Drug_1032,0.1841359065379081
Drug_100003339,0.18406328819695716
Drug_100208898,0.18401490778213342
Drug_5282379,0.18399072711093994
Drug_5314,0.18394238482846204
Drug_219078,0.1838216401882963
Drug_100002442,0.18377338670616264
Drug_100005077,0.1834843969747416
Drug_100003661,0.18341229150042612
Drug_100003750,0.1833642526603265
Drug_4178,0.18329224156489762
Drug_100003902,0.18324426558228676
Drug_5819,0.18317234868056687
Drug_2391,0.18300476190226805
Drug_5381226,0.18288524468576972
Drug_100005411,0.18274202992877225
Drug_100005453,0.18224253980401575
Drug_54454,0.18214770824954507
Drug_100002794,0.18200564582272885
Drug_100014917,0.18200564582272885
Drug_191,0.18160433635723128
Drug_3478,0.18120479271570505
Drug_100002484,0.18120479271570505
Drug_100119182,0.18120479271570505
Drug_100004595,0.18043420532400167
Drug_2812,0.18043420532400167
Drug_100005402,0.1800629415270387
Drug_100005726,0.17992411119432702
Drug_100193962,0.17992411119432702
Drug_3463,0.17980858267808567
Drug_100005052,0.17955494143552875
Drug_4595,0.17937092407305316
Drug_6468,0.178889668239971
Drug_119,0.17818394417335875
Drug_2484,0.17795747754375354
Drug_5070,0.17784445996624576
Drug_100004865,0.1777090282160494
Drug_116158473,0.17759632588968202
Drug_2724385,0.17757380257631616
Drug_25181561,0.17750626690089416
Drug_109846180,0.17750626690089416
Drug_896,0.17732642265884663
Drug_2284,0.17710212918217216
Drug_100005314,0.1766106752414547
Drug_5362440,0.17658840122515487
Drug_100002250,0.17652161287370816
Drug_208902,0.17641041115210446
Drug_100000896,0.17641041115210446
Drug_2162,0.1762106007191358
Drug_100002162,0.1761440977876781
Drug_4485,0.17612194129739034
Drug_24812758,0.17609979038036136
Drug_109887712,0.17609979038036136
Drug_124812758,0.17609979038036136
Drug_9887712,0.17609979038036136
Drug_116134956,0.17587858727725827
Drug_116129682,0.17587858727725827
Drug_5768,0.17583441332591399
Drug_100003350,0.17541586486021712
Drug_2551,0.17530605149796583
Drug_100002812,0.1746936286106367
Drug_5333,0.1746064887534921
Drug_123690938,0.174107116801076
Drug_30323,0.17395570049872694
Drug_5734,0.17386929508434784
Drug_3998,0.17384770714107936
Drug_100005514,0.17384770714107936
Drug_4100,0.17384770714107936
Drug_100003038,0.17384770714107936
Drug_100068844,0.17384770714107936
Drug_100002732,0.17384770714107936
Drug_3767,0.17384770714107936
Drug_5284627,0.17384770714107936
Drug_3702,0.17384770714107936
Drug_2732,0.17384770714107936
Drug_6224,0.17384770714107936
Drug_68844,0.17384770714107936
Drug_1986,0.17384770714107936
Drug_5284549,0.17384770714107936
Drug_100003702,0.17384770714107936
Drug_3038,0.17384770714107936
Drug_100001798,0.17382612455794574
Drug_100004170,0.17382612455794574
Drug_100001986,0.17380454733295098
Drug_100003998,0.17380454733295098
Drug_100003440,0.17380454733295098
Drug_57363,0.17361059309538165
Drug_3447,0.1735030276721503
Drug_100003154,0.17348153058038077
Drug_100005734,0.17339559545687344
Drug_38852,0.1733311999646265
Drug_60490,0.1733311999646265
Drug_100004138,0.1733311999646265
Drug_100060490,0.1733311999646265
Drug_68942,0.1733311999646265
Drug_100004623,0.17318112966162685
Drug_100004178,0.17315971225751337
Drug_100000305,0.17290311599336294
Drug_132999,0.1728390857072279
Drug_3440,0.17275378572661976
Drug_100005333,0.1727324738853014
Drug_3826,0.17247714132966901
Drug_5560,0.1724346592751543
Drug_119607,0.1720532604220021
Drug_100003878,0.17161042202650484
Drug_4170,0.17140034683734276
Drug_3059,0.17137936760272376
Drug_100003333,0.17135839350315177
Drug_100002958,0.17100261764951796
Drug_23690938,0.17060673002488766
Drug_3202,0.1702954796052363
Drug_100002662,0.1702954796052363
Drug_100002712,0.1702954796052363
Drug_77990,0.1702954796052363
Drug_4991,0.1702954796052363
Drug_100003449,0.1702954796052363
Drug_4456,0.1702954796052363
Drug_100004991,0.17027476995187316
Drug_100004114,0.1702333657524928
Drug_100004456,0.1702333657524928
Drug_9651,0.1702333657524928
Drug_100004913,0.1702333657524928
Drug_100005515,0.17006795011712048
Drug_4594,0.16992347491677828
Drug_100003478,0.16992347491677828
Drug_2712,0.16988224136304939
Drug_4114,0.16975866068310536
Drug_4679,0.16967637340211503
Drug_4044,0.16961471027428868
Drug_2662,0.16957362641567797
Drug_5770,0.1694710037901541
Drug_156391,0.1691638798253296
Drug_100003202,0.16873577166958942
Drug_100004811,0.16873577166958942
Drug_656926,0.16859355006794136
Drug_2156,0.1685123881711702
Drug_100002148,0.16841104562355702
Drug_33255,0.16839079173953733
Drug_2148,0.16839079173953733
Drug_100003463,0.16839079173953733
Drug_100002617,0.16837054272658167
Drug_5479530,0.16833005930683492
Drug_100000961,0.16820872577057341
Drug_961,0.16816832011941543
Drug_55283,0.16802705307983354
Drug_100002676,0.16780554090535152
Drug_446156,0.16780554090535152
Drug_5282451,0.16778543239236104
Drug_100129806,0.16774522982080425
Drug_100003255,0.1674443235247851
Drug_100004679,0.16732426306336676
Drug_1775,0.16720437464942117
Drug_100001775,0.16720437464942117
Drug_100003706,0.16686562189420248
Drug_11020241,0.16670668333304597
Drug_100004911,0.16646884238666662
Drug_60699,0.1662711594008138
Drug_100004044,0.1662711594008138
Drug_2132,0.16623167913026865
Drug_4913,0.16587719859190297
Drug_100122316,0.16566131487390595
Drug_100003342,0.165563371563705
Drug_100004935,0.16550466114825685
Drug_111234049,0.1654851002617011
Drug_4935,0.16546554399837543
Drug_100003059,0.16544599235664104
Drug_11234049,0.16542644533485976
Drug_100002713,0.1653678319728656
Drug_3332,0.16476458382139952
Drug_60822,0.1646870657861977
Drug_100003826,0.16462897511043542
Drug_149096,0.16437772168516704
Drug_6918365,0.16414647518338255
Drug_100151165,0.16414647518338255
Drug_100005672,0.16414647518338255
Drug_100003767,0.16397346683619313
Drug_100004583,0.16374335555072542
Drug_3878,0.16357119548063703
Drug_100041684,0.1634375432840263
Drug_446157,0.1634184679405057
Drug_41684,0.1633993970491601
Drug_111001318,0.16324699000982312
Drug_3152,0.16320893266281072
Drug_5983,0.16320893266281072
Drug_23951,0.16269688976461225
Drug_60837,0.16237613745961418
Drug_5978,0.1623384850219424
Drug_44093,0.16228203909530053
Drug_193962,0.162131708350423
Drug_105353980,0.16209416917275446
Drug_119828,0.16157044003164703
Drug_100119828,0.16149589772944095
Drug_6918289,0.16066201185476225
Drug_5284616,0.16049626700071676
Drug_4911,0.160074246406111
Drug_3074,0.1596726460616094
Drug_9400,0.159472600605268
Drug_100005396,0.15925494009488775
Drug_100003962,0.1589115234722793
Drug_100002130,0.1586234772079136
Drug_100000785,0.1585157288932699
Drug_100073658,0.15846190961003315
Drug_100003639,0.15846190961003315
Drug_2451,0.1583364732912194
Drug_100119607,0.15778334835635036
Drug_100003899,0.15776556995090177
Drug_3899,0.157747795551403
Drug_3657,0.15758800600047868
Drug_100003016,0.1575348147293264
Drug_4943,0.1574993738261252
Drug_100004908,0.15723407448784424
Drug_3016,0.15704008897647523
Drug_100644241,0.15689930897739277
Drug_785,0.15668861160633984
Drug_100003657,0.15663602565323337
Drug_3639,0.15663602565323337
Drug_100004943,0.15660098795596164
Drug_644241,0.15642603433295196
Drug_100005735,0.15637362444876624
Drug_100005732,0.15635616229081553
Drug_727,0.15635616229081553
Drug_100003373,0.15635616229081553
Drug_100003380,0.15635616229081553
Drug_100005556,0.15635616229081553
Drug_3373,0.15635616229081553
Drug_2802,0.15635616229081553
Drug_100002802,0.15635616229081553
Drug_3380,0.1563387040324088
Drug_5732,0.1563387040324088
Drug_1548886,0.15628635264139445
Drug_100002345,0.1562514711878421
Drug_100000119,0.15567816692397743
Drug_100003825,0.15516061982649082
Drug_2267,0.15486886774850714
Drug_4507,0.15468067093617466
Drug_100002284,0.15416972399408205
Drug_4473,0.15416972399408205
Drug_4197,0.15403404106867472
Drug_3114,0.15361156701198606
Drug_100003114,0.153561025807661
Drug_2130,0.153561025807661
Drug_53232,0.1529404077896508
Drug_2881,0.15264029579355204
Drug_100004409,0.15259039159919935
Drug_100002881,0.1525737641183669
Drug_109853053,0.1525737641183669
Drug_9853053,0.1525737641183669
Drug_4409,0.15247407528196155
Drug_6167,0.15245747313961813
Drug_100005978,0.15245747313961813
Drug_10607,0.15245747313961813
Drug_13342,0.15245747313961813
Drug_100013342,0.15244087461233022
Drug_148123,0.15244087461233022
Drug_100004666,0.15244087461233022
Drug_100003143,0.15242427969891717
Drug_100002833,0.15240768839819888
Drug_105381226,0.15194459395705404
Drug_100003062,0.15189514355763215
Drug_100060936,0.15176343304945297
Drug_100002118,0.15151709050040613
Drug_969472,0.1514679179266825
Drug_5556,0.1514679179266825
Drug_100000727,0.15145153416054657
Drug_100002631,0.1513533059468439
Drug_5742673,0.1513369469643594
Drug_100002656,0.1513369469643594
Drug_60877,0.15110829196139144
Drug_119182,0.15109198589772882
Drug_5403,0.15107568335285423
Drug_20279,0.15107568335285423
Drug_100060877,0.15105938432562876
Drug_100002022,0.15104308881491404
Drug_35370,0.15104308881491404
Drug_100001546,0.15104308881491404
Drug_100216210,0.15104308881491404
Drug_100003461,0.15104308881491404
Drug_100005403,0.15104308881491404
Drug_60749,0.1510267968195721
Drug_159269,0.1510267968195721
Drug_6252,0.1510105083384656
Drug_5905,0.15091285118713657
Drug_3825,0.14997530348267493
Drug_100003687,0.14994318197839504
Drug_60936,0.14960673504800226
Drug_100002756,0.1493832746521128
Drug_100002610,0.14922406834852958
Drug_100000401,0.14917637260965833
Drug_6234,0.14917637260965833
Drug_100006468,0.14917637260965833
Drug_4054,0.14917637260965833
Drug_100004054,0.14917637260965833
Drug_338,0.1490334681547901
Drug_116132344,0.14830732266860006
Drug_116132283,0.14830732266860006
Drug_116156130,0.14830732266860006
Drug_16157882,0.14830732266860006
Drug_16132344,0.14830732266860006
Drug_100002182,0.1482916154749262
Drug_9871419,0.1482916154749262
Drug_109871419,0.1482916154749262
Drug_2182,0.1482916154749262
Drug_100004235,0.14827591160799036
Drug_11001318,0.14822881995704562
Drug_5530,0.14815040030835394
Drug_100003675,0.14811905567695471
Drug_31703,0.14810338833448836
Drug_100001690,0.14810338833448836
Drug_100003425,0.14765047277383242
Drug_5352062,0.14765047277383242
Drug_47964,0.14729322883591975
Drug_100004197,0.14718484529740913
Drug_5327147,0.14638467677096215
Drug_9552079,0.14536642787731033
Drug_5353853,0.1451253558576133
Drug_100132999,0.14488508208963713
Drug_100003278,0.1445560017875545
Drug_71771,0.14452615950807732
Drug_100005352,0.14452615950807732
Drug_3278,0.14452615950807732
Drug_3675,0.14448141918421764
Drug_100121892,0.14436224696507405
Drug_3052775,0.14400590695405258
Drug_4235,0.14399109762590015
Drug_3676,0.14393189076010002
Drug_100005195,0.14391709665065816
Drug_26757,0.14390230558214318
Drug_4139,0.14390230558214318
Drug_100016230,0.14388751755361762
Drug_100003152,0.14328381429740616
Drug_100002973,0.1430349814398052
Drug_2973,0.14300576379473529
Drug_100030623,0.14294736429956642
Drug_101526,0.14293277187773104
Drug_100004259,0.14293277187773104
Drug_100005430,0.14274334114733947
Drug_4908,0.14272879034803804
Drug_2345,0.14230810380264794
Drug_100002609,0.14184676662083406
Drug_100002156,0.14183239802616016
Drug_51038,0.14180366956798188
Drug_100004451,0.14151702378353073
Drug_100002909,0.14150272191149602
Drug_106435110,0.14150272191149602
Drug_110635,0.1413313246506766
Drug_100110635,0.1413313246506766
Drug_4680,0.1413313246506766
Drug_100004680,0.14131706028605703
Drug_100004139,0.14131706028605703
Drug_100003310,0.14131706028605703
Drug_110634,0.14131706028605703
Drug_100110634,0.14131706028605703
Drug_100005212,0.14131706028605703
Drug_36462,0.14131706028605703
Drug_100003108,0.14130279880050994
Drug_3108,0.14128854019316378
Drug_5780,0.1410323764418063
Drug_123619,0.14094719481721896
Drug_100068740,0.14062161628143546
Drug_100051634,0.14046643592638974
Drug_16230,0.13982119366030088
Drug_100003517,0.13973746839463602
Drug_121892,0.13908507334004697
Drug_2118,0.13852091742325418
Drug_100000085,0.13809738961576618
Drug_10917,0.13809738961576618
Drug_21109,0.13809738961576618
Drug_5362118,0.13801571545729455
Drug_5362129,0.13801571545729455
Drug_5464097,0.13801571545729455
Drug_100003222,0.13801571545729455
Drug_5362123,0.13801571545729455
Drug_5483,0.13801571545729455
Drug_105464096,0.13801571545729455
Drug_100002311,0.13801571545729455
Drug_100107994,0.13801571545729455
Drug_100063001,0.13801571545729455
Drug_5484727,0.13800211248908467
Drug_100055331,0.13800211248908467
Drug_5388961,0.13800211248908467
Drug_5462501,0.13800211248908467
Drug_107994,0.13800211248908467
Drug_100003419,0.13800211248908467
Drug_100005038,0.13800211248908467
Drug_100005525,0.13800211248908467
Drug_100023951,0.13774416461527328
Drug_100002550,0.13773061512042623
Drug_100005372,0.1371908125920295
Drug_445643,0.1371908125920295
Drug_100003676,0.13692249494565353
Drug_100004786,0.1368823377958992
Drug_5212,0.1368689573132212
Drug_100449193,0.1368689573132212
Drug_100148191,0.13666856352506132
Drug_100000338,0.1364953629668798
Drug_100213023,0.13630932956719755
Drug_3121,0.13626953122279836
Drug_100005040,0.1362562702719203
Drug_100003121,0.13604444552217773
Drug_126941,0.13601801372782718
Drug_100004112,0.13599159220223903
Drug_100005546,0.13575425958059462
Drug_100005578,0.13575425958059462
Drug_100003763,0.13538671758985235
Drug_8378,0.13499512469285124
Drug_100004454,0.1349690990277861
Drug_441401,0.13491707779092824
Drug_100000564,0.13491707779092824
Drug_100003929,0.13491707779092824
Drug_2756,0.13478719997249258
Drug_3007855,0.13474828537332817
Drug_100005727,0.13470939323785386
Drug_100071362,0.13456698061645872
Drug_6918172,0.13456698061645872
Drug_3062316,0.13428305680581692
Drug_24826799,0.13428305680581692
Drug_9926791,0.134270179642717
Drug_103081361,0.13425730494910854
Drug_124826799,0.13425730494910854
Drug_74989,0.13424443272428122
Drug_100074989,0.13424443272428122
Drug_54684141,0.13424443272428122
Drug_103062316,0.13424443272428122
Drug_109818231,0.13424443272428122
Drug_154677977,0.13424443272428122
Drug_216239,0.13423156296752498
Drug_11626560,0.13419296849858664
Drug_4212,0.13419296849858664
Drug_111597571,0.13419296849858664
Drug_10113978,0.13418010860701995
Drug_103086685,0.13416725117997827
Drug_6450551,0.13416725117997827
Drug_123631,0.13415439621675318
Drug_5329098,0.13415439621675318
Drug_6456015,0.13415439621675318
Drug_110113978,0.13415439621675318
Drug_100004212,0.13414154371663664
Drug_3081361,0.13414154371663664
Drug_100216239,0.1341286936789207
Drug_5291,0.13401315403084352
Drug_100005291,0.133910619100445
Drug_25102847,0.1338594104506934
Drug_142611257,0.133846614407251
Drug_42611257,0.13383382081000317
Drug_125102847,0.13383382081000317
Drug_68740,0.13373156001091244
Drug_125880656,0.13364220991832138
Drug_3307,0.13327331366021827
Drug_9875401,0.13251650892620226
Drug_9578572,0.13241625054986314
Drug_100004473,0.1315330609031708
Drug_100134018,0.13115112713696636
Drug_100002094,0.13111428348293408
Drug_2094,0.13111428348293408
Drug_100125889,0.13049109350552218
Drug_105361912,0.12992200364797746
Drug_6323490,0.12992200364797746
Drug_116065945,0.129909949277626
Drug_24873435,0.129909949277626
Drug_6321411,0.12983767000317628
Drug_100002675,0.12982563127624042
Drug_54671203,0.12981359478159216
Drug_100123611,0.12974142265699157
Drug_3010818,0.12971738311230807
Drug_5526,0.12971738311230807
Drug_100004192,0.1296933524744584
Drug_105327147,0.12957333271462643
Drug_636380,0.12953737009105867
Drug_216210,0.12952538698559232
Drug_110324367,0.12942960189630737
Drug_100001805,0.12938176245742497
Drug_100000596,0.12936980812290982
Drug_100003877,0.12934590607983862
Drug_60825,0.12934590607983862
Drug_9444,0.12932201286729963
Drug_100002099,0.1292861895950372
Drug_2099,0.1292861895950372
Drug_100002179,0.12927425291425104
Drug_2179,0.12927425291425104
Drug_100003043,0.12926231843743105
Drug_50599,0.12926231843743105
Drug_5238,0.1284794855307628
Drug_100005238,0.1284794855307628
Drug_100083513,0.1281502318610885
Drug_100005311,0.12680396968975305
Drug_5311,0.12680396968975305
Drug_106918638,0.12680396968975305
Drug_6918638,0.12680396968975305
Drug_449193,0.12654039162352038
Drug_100002708,0.1244816352519784
Drug_2708,0.1244816352519784
Drug_13505,0.12433793031828905
Drug_2578,0.12400756649670118
Drug_100002578,0.12400756649670118
Drug_100002351,0.12338468746160143
Drug_100023925,0.123362945666454
Drug_5430,0.12312429065373313
Drug_64142,0.12221082598535857
Drug_3671,0.1221148991203779
Drug_6251,0.12190226652570549
Drug_100000453,0.12188104398626855
Drug_100123619,0.1217856339318303
Drug_100002088,0.12164808282486994
Drug_3699,0.12164808282486994
Drug_100005245,0.12164808282486994
Drug_2088,0.12164808282486994
Drug_4673,0.12164808282486994
Drug_100004673,0.12164808282486994
Drug_5245,0.12164808282486994
Drug_60852,0.12164808282486994
Drug_1990,0.12156359032073737
Drug_100041774,0.12154248553075113
Drug_100051577,0.12150029792730414
Drug_441314,0.12150029792730414
Drug_51634,0.12150029792730414
Drug_111531537,0.1214265400498008
Drug_10324367,0.12027913695681237
Drug_103010818,0.12027913695681237
Drug_222,0.12001109396710834
Drug_100128549,0.11990831834497329
Drug_5463984,0.11989805046362845
Drug_62956,0.11989805046362845
Drug_72022,0.11989805046362845
Drug_100003937,0.11989805046362845
Drug_107807,0.11989805046362845
Drug_3937,0.11989805046362845
Drug_54891,0.11989805046362845
Drug_100443379,0.11989805046362845
Drug_100072022,0.11989805046362845
Drug_100005005,0.11989805046362845
Drug_100005483,0.11989805046362845
Drug_100060184,0.11989805046362845
Drug_100062956,0.11989805046362845
Drug_23926,0.11940725168977086
Drug_110182969,0.1187892961155725
Drug_1727,0.11877921897813482
Drug_247,0.11875906983157362
Drug_4413,0.11875906983157362
Drug_134018,0.11861821698697501
Drug_100667490,0.11861821698697501
Drug_667490,0.11861821698697501
Drug_4764,0.11845765087261025
Drug_100003363,0.11843761066775953
Drug_100148121,0.11842759310786206
Drug_5578,0.11837753071645696
Drug_100005564,0.1181976560285542
Drug_102723601,0.1181976560285542
Drug_100001125,0.1181976560285542
Drug_100001084,0.1181976560285542
Drug_44257,0.1181976560285542
Drug_2723601,0.1181976560285542
Drug_5564,0.1181976560285542
Drug_5546,0.1181976560285542
Drug_564,0.11741462753159355
Drug_100004689,0.11739493865299347
Drug_100003443,0.11739493865299347
Drug_15541,0.11739493865299347
Drug_100005297,0.11739493865299347
Drug_3000226,0.11739493865299347
Drug_100003848,0.11739493865299347
Drug_165579,0.11739493865299347
Drug_100002021,0.11739493865299347
Drug_100000612,0.11738509668965903
Drug_105328940,0.11716899023550235
Drug_100123015,0.11712978361337235
Drug_100003199,0.11711019014003456
Drug_5328940,0.11711019014003456
Drug_100176870,0.1170710228523623
Drug_5329102,0.11705144903145402
Drug_176870,0.11703188175478546
Drug_100123631,0.11702210056951551
Drug_103086686,0.11697321915741461
Drug_25126797,0.11695367802491255
Drug_23985,0.11690485374586734
Drug_10184653,0.11687557874075569
Drug_100003385,0.11678784163101619
Drug_3385,0.11678784163101619
Drug_144462760,0.11676836238130707
Drug_110163178,0.11675862519298308
Drug_100060852,0.1164382065126198
Drug_10182969,0.11580261626947755
Drug_100000247,0.11579303947355715
Drug_4735,0.11576431858737106
Drug_100001727,0.11576431858737106
Drug_936,0.11574517924396568
Drug_2536,0.11571648209208703
Drug_100005526,0.11567824135114452
Drug_106433119,0.1156400258766314
Drug_100003446,0.1139182681079044
Drug_5486971,0.1139182681079044
Drug_3446,0.1139182681079044
Drug_5362065,0.11339240632606519
Drug_4192,0.11332816133664533
Drug_23925,0.1084309946034425
Drug_2733,0.10730912272488144
Drug_100002733,0.10730912272488144
Drug_100315411,0.10705477737703593
Drug_100024748,0.10704659276102851
Drug_64730,0.10704659276102851
Drug_100001990,0.10703840939639578
Drug_100023926,0.10536303960525646
Drug_100002232,0.10503896724037907
Drug_92721,0.10503896724037907
Drug_100005530,0.10502320981955093
Drug_100004735,0.10500745712571269
Drug_6322,0.10500745712571269
Drug_100000774,0.10499958255075013
Drug_774,0.10498383694340954
Drug_100000232,0.1049759659105003
Drug_107706,0.10495235989163129
Drug_977,0.1049209017095731
Drug_5790,0.10476389325209524
Drug_100104758,0.1047560551634186
Drug_121749,0.1047560551634186
Drug_100121749,0.1047560551634186
Drug_6006,0.1047560551634186
Drug_5582,0.1047560551634186
Drug_104758,0.1047560551634186
Drug_100005582,0.10474821824749406
Drug_100060843,0.10474821824749406
Drug_100003405,0.10472471453360158
Drug_6037,0.10472471453360158
Drug_149436,0.10472471453360158
Drug_4993,0.10471688230605439
Drug_100000143,0.10470905124994413
Drug_100004993,0.10469339265098347
Drug_100000146,0.10465426663534293
Drug_100093860,0.10382392357365068
Drug_117754772,0.10363181358258108
Drug_11707110,0.10358581292551995
Drug_100208908,0.10357815011941508
Drug_208908,0.10354751022883102
Drug_44462760,0.10330304215097041
Drug_100004547,0.1006157971625649
Drug_445226,0.0956269248268169
Drug_444412,0.09370696247585684
Drug_387447,0.09304069594752164
Drug_111707110,0.09284943191739078
Drug_65981,0.09045606520539137
Drug_937,0.0045792787635947334
Drug_100000937,0.0045792787635947334
Drug_5310993,0.0045792787635947334
Drug_105310993,0.004070470012084207
Drug_100061799,0.004070470012084207
Drug_105251896,0.004006868918145392
Drug_10096344,0.004006868918145392
Drug_4740,0.004006868918145392
Drug_4369359,0.004006868918145392
Drug_111235728,0.004006868918145392
Drug_42890,0.004006868918145392
Drug_110096344,0.004006868918145392
Drug_104369359,0.004006868918145392
Drug_11243969,0.004006868918145392
Drug_6918537,0.004006868918145392
Drug_100003685,0.004006868918145392
Drug_100004740,0.004006868918145392
Drug_100039042,0.003663423010875787
Drug_3019,0.003663423010875787
Drug_100003019,0.003663423010875787
Drug_100002153,0.0035060103033772183
Drug_100002519,0.0035060103033772183
Drug_100005717,0.0034344590726960505
Drug_2153,0.003116453603001972
Drug_2519,0.003116453603001972
Drug_39042,0.0030528525090631553
Drug_5281040,0.0029438220623109004
Drug_5311297,0.0029438220623109004
Drug_4887,0.0029438220623109004
Drug_5717,0.0025758443045220377
Drug_100004248,0.0025758443045220377
Drug_3414,0.0023850410227055905
Drug_100005029,0.0022896393817973667
Drug_1972,0.0022896393817973667
Drug_34359,0.0022896393817973667
Drug_100002563,0.0022896393817973667
Drug_100002658,0.0022896393817973667
Drug_100001972,0.0022896393817973667
Drug_5479529,0.0022896393817973667
Drug_2333,0.0018733413123796637
Drug_100107969,0.0018317115054378936
Drug_107969,0.0018317115054378936
Drug_125880664,0.0018317115054378936
Drug_100003417,0.001788780767029193
Drug_100003414,0.001788780767029193
Drug_73491,0.001788780767029193
Drug_767,0.001788780767029193
Drug_3830,0.0017172295363480253
Drug_100004775,0.0017172295363480253
Drug_100003830,0.0017172295363480253
Drug_4775,0.0017172295363480253
Drug_100000244,0.0017172295363480253
Drug_100004030,0.0017172295363480253
Drug_100000581,0.0017172295363480253
Drug_4030,0.0017172295363480253
Drug_948,0.0017172295363480253
Drug_100000311,0.0017172295363480253
Drug_116126651,0.0017172295363480253
Drug_24821094,0.0017172295363480253
Drug_100002266,0.0017172295363480253
Drug_5493444,0.0017172295363480253
Drug_65016,0.0017172295363480253
Drug_4659569,0.0017172295363480253
Drug_104659569,0.0017172295363480253
Drug_60772,0.0017172295363480253
Drug_100005647,0.0017172295363480253
Drug_700,0.0017172295363480253
Drug_100000700,0.0017172295363480253
Drug_3366,0.0017172295363480253
Drug_100003366,0.0017172295363480253
Drug_100000948,0.0017172295363480253
Drug_244,0.0017172295363480253
Drug_12035,0.0017172295363480253
Drug_100023982,0.0017172295363480253
Drug_23982,0.0017172295363480253
Drug_156418,0.0017172295363480253
Drug_100156418,0.0017172295363480253
Drug_104659568,0.0017172295363480253
Drug_5281081,0.0017172295363480253
Drug_2266,0.0017172295363480253
Drug_1051,0.0015264262545315777
Drug_100000750,0.0015264262545315777
Drug_27885548,0.0013083653610270667
Drug_100009354,0.0013083653610270667
Drug_5961,0.0012879221522610188
Drug_100216209,0.0012879221522610188
Drug_6058,0.0012879221522610188
Drug_100002177,0.0012879221522610188
Drug_100006058,0.0012879221522610188
Drug_4510,0.0012879221522610188
Drug_100000946,0.0012879221522610188
Drug_3034010,0.0012879221522610188
Drug_100003009,0.0012879221522610188
Drug_100028486,0.0012879221522610188
Drug_100000767,0.0011925205113527953
Drug_100002548,0.0011448196908986834
Drug_2548,0.0011448196908986834
Drug_1548943,0.0011448196908986834
Drug_100134780,0.0011448196908986834
Drug_100005426,0.0011448196908986834
Drug_100216326,0.0011448196908986834
Drug_311,0.001030337721808815
Drug_750,0.0010176175030210519
Drug_946,0.0008586147681740126
Drug_100000738,0.0008586147681740126
Drug_100004599,0.0008586147681740126
Drug_100004510,0.0008586147681740126
Drug_150311,0.0005724098454493417
Drug_10077129,0.0005724098454493417
Drug_110028615,0.0005724098454493417
Drug_100163296,0.0005724098454493417
Drug_598,0.0005724098454493417
Drug_100150311,0.0005724098454493417
Drug_163296,0.0005724098454493417
Drug_441300,0.0005724098454493417
Drug_100001971,0.0005724098454493417
Drug_3117,0.0005724098454493417
Drug_100003117,0.0005724098454493417
Drug_679,0.0005724098454493417
Drug_271,0.0005724098454493417
Drug_100000271,0.0005724098454493417
Drug_100000598,0.0005724098454493417
Drug_3637,0.0005724098454493417
Drug_100000679,0.0005724098454493417
Drug_312,0.0005724098454493417
Drug_100000312,0.0005724098454493417
Drug_100004264,0.0005724098454493417
Drug_100000888,0.0005724098454493417
Drug_100023994,0.0005724098454493417
Drug_23993,0.0005724098454493417
Drug_439693,0.0005724098454493417
Drug_100004739,0.0005724098454493417
Drug_6049,0.0005724098454493417
Drug_100006049,0.0005724098454493417
Drug_60855,0.0005724098454493417
Drug_60961,0.0005724098454493417
Drug_446541,0.0005724098454493417
Drug_100004497,0.0005724098454493417
Drug_4497,0.0005724098454493417
Drug_100001130,0.0005724098454493417
Drug_100005300,0.0005724098454493417
Drug_100003182,0.0005724098454493417
Drug_1130,0.0005724098454493417
Drug_16078,0.0005724098454493417
Drug_446596,0.0005724098454493417
Drug_100002978,0.0005724098454493417
Drug_100003598,0.0005724098454493417
Drug_100003520,0.0005724098454493417
Drug_3520,0.0005724098454493417
Drug_753,0.0005724098454493417
Drug_100000753,0.0005724098454493417
Drug_100003637,0.0005724098454493417
Drug_3598,0.0005724098454493417
Drug_100004272,0.0005724098454493417
Drug_100023993,0.0005724098454493417
Drug_60946,0.0005724098454493417
Drug_100005721,0.0005724098454493417
Drug_100005486,0.0005724098454493417
Drug_23994,0.0005724098454493417
Drug_100000191,0.0005724098454493417
Drug_4932,0.0005724098454493417
Drug_100004932,0.0005724098454493417
Drug_100002161,0.0005724098454493417
Drug_100016124,0.0005724098454493417
Drug_16124,0.0005724098454493417
Drug_6503,0.0005724098454493417
Drug_100006503,0.0005724098454493417
Drug_2719,0.0005724098454493417
Drug_100002719,0.0005724098454493417
Drug_2161,0.0005724098454493417
Drug_100024450,0.0005724098454493417
Drug_888,0.0005724098454493417
Drug_100000923,0.0005724098454493417
Drug_923,0.0005724098454493417
Drug_100115355,0.0005724098454493417
Drug_115355,0.0005724098454493417
Drug_24450,0.0005724098454493417
Drug_100057469,0.0005724098454493417
Drug_57469,0.0005724098454493417
Drug_24776445,0.0005724098454493417
Drug_124776445,0.0005724098454493417
Drug_106918670,0.0005724098454493417
Drug_6918670,0.0005724098454493417
