node,pagerank
Drug_2451,0.0011163319328423523
Drug_100054454,0.0010476739862206716
Drug_151508717,0.0010319344208751054
Drug_100644241,0.0010257696929347948
Drug_110182969,0.0010140112077686254
Drug_100004976,0.001009860053554841
Drug_3981,0.00100119119754494
Drug_3158,0.001000885079936465
Drug_3447,0.0009876628172161331
Drug_100002678,0.0009865962331914214
Drug_4495,0.0009720772839149985
Drug_4171,0.0009702590787074707
Drug_5353980,0.0009678928153063906
Drug_27400,0.0009664962007105775
Drug_100006238,0.0009616910833780663
Drug_1727,0.0009598030924950746
Drug_100001978,0.0009595025819246363
Drug_100132971,0.000937768731389605
Drug_100004614,0.0009348470688832401
Drug_3348,0.0009307947891369452
Drug_103062316,0.0009260053816041934
Drug_116158473,0.0009253659300322749
Drug_24826799,0.0009225304848978281
Drug_100041774,0.0009223613474500115
Drug_100084003,0.000920720581460844
Drug_100002145,0.0009200515802817387
Drug_3308,0.0009197129666949778
Drug_71360,0.0009194101240590591
Drug_100004889,0.0009191713764694811
Drug_100003658,0.0009158751459618246
Drug_10531,0.0009128833928076312
Drug_111234049,0.0009114939860645821
Drug_28864,0.0009080570088913042
Drug_51508717,0.0009066021543468565
Drug_116134956,0.0009050704637152714
Drug_8378,0.0009045988299075075
Drug_54454,0.0009043159948451324
Drug_60877,0.000903883984405777
Drug_100004935,0.0009035645412505588
Drug_100005078,0.0009033236954871281
Drug_116129682,0.0009029437582467355
Drug_2244,0.0009021894859513596
Drug_439302,0.00089648154772956
Drug_5359272,0.0008963580225471136
Drug_3658,0.0008962530587936863
Drug_4935,0.0008961974943145503
Drug_6238,0.0008931189302323517
Drug_247,0.000891860177915817
Drug_100023897,0.0008910998055662021
Drug_71348,0.0008860226619391218
Drug_100010100,0.0008857190460907888
Drug_9926791,0.0008851978983011224
Drug_3062316,0.0008850351517313363
Drug_119182,0.0008846264035800729
Drug_100008230,0.0008845129653176232
Drug_441277,0.0008832065406095598
Drug_657180,0.0008828946084270561
Drug_100002159,0.000881879625688875
Drug_2215,0.00088144960510069
Drug_4830,0.0008804620470341928
Drug_100003365,0.0008796456647580476
Drug_100002092,0.0008789515614964891
Drug_10182969,0.0008773262115123707
Drug_4413,0.0008772475765818023
Drug_5213,0.0008769624713655628
Drug_100003916,0.0008767579684738159
Drug_5282381,0.0008761686729835778
Drug_657237,0.0008749313984853651
Drug_5487,0.0008747325480739257
Drug_100003372,0.0008729734941881575
Drug_100068740,0.0008712151638529005
Drug_100004454,0.0008699034794248737
Drug_100036523,0.0008685921326770649
Drug_60606,0.0008683219599903136
Drug_100003348,0.0008677623987710047
Drug_100005508,0.0008674819199161152
Drug_23897,0.0008670178328593941
Drug_24965990,0.0008659340054667437
Drug_2476,0.0008654519743300652
Drug_100004235,0.0008648957107332703
Drug_3345,0.0008642999928218961
Drug_25096,0.0008639862623696815
Drug_100104865,0.0008639769996661715
Drug_100003869,0.000862549485414837
Drug_100032800,0.0008611578531336718
Drug_100003157,0.000859796900784283
Drug_100122316,0.0008597277508204063
Drug_100003519,0.0008589341928522682
Drug_100051634,0.0008587992011600808
Drug_84029,0.0008583698484376526
Drug_100071348,0.0008559277569290146
Drug_100003340,0.0008544185120206223
Drug_2763,0.000853978089886703
Drug_103081361,0.0008520465412383628
Drug_100004253,0.0008518106223486698
Drug_8226,0.0008511105246436499
Drug_27991,0.0008506212714113232
Drug_124826799,0.0008502598545699533
Drug_5357,0.0008501260114571888
Drug_5311068,0.0008500708140202974
Drug_3965,0.000849087205466509
Drug_129211,0.0008490749496121364
Drug_100002476,0.0008468891089476191
Drug_39860,0.0008467870285904259
Drug_100065014,0.0008449898675582665
Drug_100003915,0.0008449654803452107
Drug_100005775,0.0008445241476191152
Drug_100005650,0.0008444716040292627
Drug_54384,0.0008441703844171918
Drug_5454,0.0008439320904972394
Drug_9833444,0.000843241514125184
Drug_100000247,0.0008431238875210211
Drug_100060612,0.000842466477678744
Drug_4051,0.0008415914290354773
Drug_100004436,0.0008408273751561129
Drug_3342,0.0008401890403198466
Drug_2541,0.0008394835459405042
Drug_100054373,0.000839195009342259
Drug_1978,0.0008374761594821613
Drug_3519,0.0008374601630792157
Drug_54687,0.000837415364793573
Drug_4636,0.0008373656527360578
Drug_7638,0.000836724999619872
Drug_2783,0.0008362977293702698
Drug_5152,0.0008352271647439795
Drug_100051263,0.0008350467068050363
Drug_100003938,0.0008349690659323916
Drug_443884,0.0008345494696059691
Drug_5401,0.0008345371849235048
Drug_100060878,0.0008342771155680367
Drug_100060936,0.0008334939708724398
Drug_100125017,0.0008326631132052743
Drug_100003066,0.0008322903231836781
Drug_100156326,0.0008319496869756424
Drug_4057,0.0008314650604243285
Drug_100071360,0.0008312357570294646
Drug_8230,0.0008305494942950782
Drug_443878,0.0008294038672047667
Drug_213046,0.0008287487806084456
Drug_100005358,0.0008283319399219346
Drug_5078,0.0008274298284448293
Drug_100002083,0.000827178488747328
Drug_109818231,0.0008258773125876062
Drug_4888,0.0008251506724047282
Drug_100158781,0.0008245934081835304
Drug_2729,0.0008244523195494723
Drug_100005454,0.0008238105564024157
Drug_100007638,0.0008237619101641841
Drug_5378,0.0008225001142142201
Drug_100003911,0.0008219763103638253
Drug_4140,0.0008218279457775754
Drug_100003250,0.0008188960064989436
Drug_60846,0.0008188950919028845
Drug_5959,0.0008188863236708842
Drug_100002244,0.0008176320550350191
Drug_9825285,0.0008175221941863497
Drug_4926,0.0008167291225851759
Drug_100005401,0.0008165483298652874
Drug_100005524,0.0008163633896245602
Drug_106918313,0.0008149202767435088
Drug_100130881,0.0008145103407963889
Drug_100004885,0.0008135087510412537
Drug_3083544,0.0008124064258939884
Drug_100003410,0.0008118774346499633
Drug_10836,0.0008117805016784078
Drug_2145,0.0008116340460398465
Drug_100005512,0.0008115406194142766
Drug_106433117,0.0008109188500958791
Drug_2239,0.0008103361342382963
Drug_2477,0.0008094637551275771
Drug_115237,0.0008092082078866097
Drug_100151171,0.0008091212511245197
Drug_100147912,0.0008090755126790784
Drug_100002995,0.0008090686516406941
Drug_100003256,0.0008085785544618513
Drug_151171,0.0008085085557321597
Drug_3157,0.0008082728234164284
Drug_124965990,0.0008080586705737174
Drug_3340,0.0008075491046052926
Drug_1065,0.0008070456587275207
Drug_443953,0.0008062432015769992
Drug_100002806,0.0008061553649240935
Drug_2216,0.0008050086246918141
Drug_5288826,0.0008049885035399753
Drug_2761,0.0008043634932509696
Drug_4189,0.0008038649834429505
Drug_51263,0.0008033988410449242
Drug_5284594,0.0008026032283321509
Drug_4499,0.000802534392521123
Drug_4764,0.0008024605587771145
Drug_100213046,0.0008023183639277893
Drug_3916,0.000801218664939067
Drug_4639,0.0008008133505282767
Drug_3066,0.000800757378763875
Drug_100000311,0.0008004747593408583
Drug_84003,0.0008002593770769709
Drug_4631,0.0008002393289012002
Drug_100004428,0.0008002054582514164
Drug_100002781,0.000800143709800423
Drug_5508,0.0008001281380566172
Drug_216239,0.0007988730447394451
Drug_2369,0.0007987374218059001
Drug_5467,0.0007987195778279078
Drug_104865,0.0007978684434281447
Drug_3749,0.0007975829091875894
Drug_109825285,0.0007975812428680452
Drug_3052775,0.000796820486309721
Drug_5282411,0.0007964840002991968
Drug_3827,0.0007962040386782544
Drug_5533,0.0007952573481804114
Drug_20279,0.0007951719706012219
Drug_43008,0.0007947398109147247
Drug_33036,0.0007945347570954862
Drug_125880664,0.000793877984135198
Drug_100003308,0.0007930369693844184
Drug_110465263,0.0007911662559460975
Drug_100003040,0.0007910973231419206
Drug_11658859,0.000790762637674562
Drug_5709,0.0007907254550466832
Drug_100027400,0.000790542474596104
Drug_125017,0.0007897799133825166
Drug_216237,0.0007893543309242121
Drug_5281034,0.0007880981089148484
Drug_100003016,0.0007880868402138831
Drug_100005152,0.0007880360715199158
Drug_100002170,0.0007877626797851799
Drug_100003827,0.0007873758383303116
Drug_8223,0.0007873567586829438
Drug_100009904,0.0007872015644779369
Drug_100004639,0.0007867571884837586
Drug_163091,0.0007867361812100542
Drug_100000298,0.0007859642086186699
Drug_2678,0.0007856542530842656
Drug_100021800,0.0007855460661543238
Drug_148192,0.0007851749691125244
Drug_100002366,0.000783541733856443
Drug_2159,0.0007835149316613085
Drug_100004828,0.0007832046866688528
Drug_100003168,0.0007830910395173039
Drug_100054688,0.0007827841075511414
Drug_119828,0.0007825317326916649
Drug_2092,0.0007823513790401056
Drug_3168,0.0007821854406252941
Drug_18381,0.0007820396541973433
Drug_5524,0.0007820046530115742
Drug_5775,0.0007816139005821588
Drug_100003379,0.0007812834408940492
Drug_100123597,0.0007811529277734416
Drug_100003345,0.0007809362544931042
Drug_6013,0.0007808492707137625
Drug_105328940,0.0007805243386438084
Drug_31100,0.0007802120805772641
Drug_100005717,0.0007787993742216805
Drug_100004422,0.0007781929611560095
Drug_100060877,0.0007774258966085173
Drug_100039860,0.0007772383085326713
Drug_5095,0.0007766320404347814
Drug_2352,0.0007760088726465556
Drug_100003384,0.0007758033748200059
Drug_100004011,0.0007747224845756181
Drug_2366,0.0007742780361670523
Drug_100003392,0.000774244940236534
Drug_100216237,0.0007739208707178858
Drug_154417,0.0007734264425413509
Drug_4917,0.0007725811053725021
Drug_100003151,0.0007723930670237349
Drug_3414,0.000772200496238468
Drug_100004048,0.0007713085591441004
Drug_5362436,0.0007712681163661755
Drug_100004051,0.0007710520288288902
Drug_104741,0.0007706806657667275
Drug_5756,0.0007704380638841949
Drug_41693,0.0007703972835975785
Drug_100003823,0.0007702245624831589
Drug_5002,0.0007701293783123097
Drug_4011,0.0007699845132461719
Drug_443943,0.0007699620815814927
Drug_20469,0.0007699304818911934
Drug_100082146,0.0007698922131985511
Drug_28417,0.00076975802264069
Drug_100003749,0.0007696522255048656
Drug_100003553,0.0007694778634141864
Drug_5311507,0.0007693700927562474
Drug_2083,0.0007691377100730776
Drug_11234049,0.0007687406329202777
Drug_100003399,0.0007685395916909702
Drug_838,0.0007683359639353104
Drug_100002369,0.0007682067300950224
Drug_5284596,0.0007681652318859061
Drug_100104849,0.0007681396783223884
Drug_100027991,0.0007679610655857784
Drug_5280453,0.0007678248931837058
Drug_100002949,0.0007677488231701322
Drug_68740,0.0007676527031350179
Drug_3372,0.0007676069366305383
Drug_2435,0.0007675244144515944
Drug_3410,0.0007674474084970771
Drug_4436,0.000767376610365771
Drug_92721,0.0007672905744367678
Drug_100031378,0.0007671289402414451
Drug_4828,0.0007666648417085264
Drug_158781,0.0007660209571974759
Drug_4042,0.0007656382015642875
Drug_11683,0.0007648657330420404
Drug_100004638,0.0007645939788300816
Drug_100001301,0.0007641201740826633
Drug_100148192,0.0007640156503504516
Drug_2585,0.0007636273344429443
Drug_100002477,0.0007630104192922248
Drug_100002540,0.00076258149891902
Drug_100005381,0.0007624999862393219
Drug_100004240,0.000761826787212401
Drug_100005544,0.0007617130829965338
Drug_5311067,0.0007615804429811697
Drug_9880,0.0007611174889991572
Drug_100000159,0.000760928694586808
Drug_9904,0.0007608516731955681
Drug_100005771,0.0007606859437438592
Drug_100005095,0.0007605709902405168
Drug_100002524,0.0007588727018488105
Drug_100104741,0.0007588488765526141
Drug_9878,0.000758560012136461
Drug_3002190,0.0007582858812218294
Drug_5284604,0.0007581936799870526
Drug_638678,0.0007579568197399899
Drug_100004927,0.0007573371764364908
Drug_100002022,0.0007568986293477012
Drug_2950,0.0007564094159817152
Drug_4736,0.0007561617012246542
Drug_100483407,0.0007557988276311085
Drug_100002585,0.0007554861320068303
Drug_2771,0.0007554446712711565
Drug_1046,0.0007554229131190542
Drug_82146,0.0007548914538967666
Drug_100002541,0.000754740456608544
Drug_100003382,0.0007541573381828761
Drug_100068613,0.0007535021418359217
Drug_100004034,0.0007533849743598681
Drug_100002435,0.0007531423355711604
Drug_100004748,0.0007528639985193929
Drug_21855,0.0007527669432220287
Drug_130881,0.0007527614474158629
Drug_6436,0.0007526706612873925
Drug_100002232,0.0007524497492945965
Drug_100003381,0.0007524279760849555
Drug_100003779,0.0007521444105343342
Drug_100154256,0.0007515650941878233
Drug_100060164,0.0007512004940831426
Drug_444008,0.0007511994858765053
Drug_100004140,0.0007507234368690826
Drug_100004171,0.0007504568078365771
Drug_3219,0.0007499287852201826
Drug_100003363,0.0007491458996913632
Drug_5281037,0.0007490339553370889
Drug_9642,0.0007483015273528628
Drug_5280360,0.0007480950669308502
Drug_4235,0.0007475062136525801
Drug_100004736,0.0007474992330883358
Drug_119569,0.0007474893438938393
Drug_5865,0.0007472963260703346
Drug_32798,0.0007467734652773103
Drug_4976,0.0007466390652000015
Drug_100000853,0.0007465888274936497
Drug_6010,0.0007459839039462718
Drug_100003269,0.0007457175906338664
Drug_100003964,0.0007455806503998839
Drug_4614,0.0007453156799871967
Drug_100003702,0.000745269994796573
Drug_6446,0.0007449074847319068
Drug_100001046,0.0007446109345273397
Drug_100003394,0.000744383604673387
Drug_6230,0.0007442642487502146
Drug_100000785,0.0007440035505843734
Drug_132971,0.0007437558055704685
Drug_6918554,0.00074372369608914
Drug_100003000,0.0007425964986514592
Drug_3954,0.0007425165187111264
Drug_100004168,0.0007421614575831336
Drug_100002732,0.0007420635416574732
Drug_6741,0.0007419381217791764
Drug_3494,0.0007418679810764838
Drug_5284627,0.0007417077338671222
Drug_21800,0.0007417040964667818
Drug_6436173,0.0007410564802803539
Drug_100004594,0.0007409590142834416
Drug_6005,0.0007409038568413961
Drug_449171,0.0007407855152289771
Drug_100002249,0.0007407506934627085
Drug_100002443,0.000738116996087712
Drug_3998,0.0007378995353412607
Drug_100004160,0.0007374529536645196
Drug_5284603,0.0007372576327416898
Drug_123668479,0.0007372314945842992
Drug_1986,0.0007371764491676032
Drug_3151,0.0007369234529794713
Drug_100002791,0.0007368729278549547
Drug_100004159,0.0007368091474412855
Drug_100004635,0.0007366808263594986
Drug_100006436,0.0007351585507480208
Drug_100002308,0.0007351225957409461
Drug_468595,0.0007350258313453445
Drug_3702,0.0007345242727308431
Drug_5472,0.0007344563164670235
Drug_2370,0.0007340112517606271
Drug_100057537,0.0007339829291199402
Drug_444036,0.0007336958442240932
Drug_100002216,0.0007333778927854939
Drug_82153,0.000733067426491873
Drug_100005514,0.0007328239401061138
Drug_2249,0.0007327014298274944
Drug_100004536,0.0007324393033371833
Drug_4850,0.0007323986722858627
Drug_3869,0.0007323815882308166
Drug_68844,0.000732352486265788
Drug_2375,0.000732208532083033
Drug_23690938,0.0007310166074979911
Drug_5281004,0.000730453178280272
Drug_2794,0.0007299235294338947
Drug_100042955,0.0007296364979338743
Drug_444795,0.0007294628992900455
Drug_100002344,0.0007290328059259412
Drug_100005735,0.000729030765238241
Drug_115951529,0.0007287674998637694
Drug_100444033,0.0007284147698233775
Drug_3038,0.0007283864611009361
Drug_4114,0.0007281209468538995
Drug_100003038,0.0007280699984402491
Drug_100001727,0.0007277529428049448
Drug_100012453,0.0007276009039116683
Drug_3386,0.0007274740143793274
Drug_4819,0.0007269780398307522
Drug_4205,0.0007254321313634581
Drug_100001546,0.0007252150346974004
Drug_2732,0.0007248631599177703
Drug_15209,0.0007241167674523784
Drug_4100,0.0007238195628460156
Drug_225609,0.0007233898169893061
Drug_31307,0.0007232275683025248
Drug_443872,0.0007224350267476018
Drug_2828,0.0007222992412047496
Drug_5832,0.0007220347255324092
Drug_100002771,0.0007218650246825592
Drug_5358,0.000721549553802324
Drug_4510,0.0007206797365970861
Drug_5790,0.000720459073429063
Drug_100115237,0.0007200807843465105
Drug_5284549,0.0007192203727699053
Drug_123690938,0.000718644017306062
Drug_3696,0.0007185906521208044
Drug_5961,0.0007185591874945738
Drug_3394,0.0007175514045663012
Drug_3016,0.0007173727248238534
Drug_6215,0.0007168867128098893
Drug_5001396,0.0007167456180356689
Drug_100068844,0.0007164387309386234
Drug_5311065,0.0007156297733528194
Drug_4212,0.0007150976870323786
Drug_100003056,0.0007146987132752946
Drug_100060830,0.00071466282228847
Drug_100000838,0.0007146470615203924
Drug_100002148,0.0007143307637930333
Drug_100003325,0.0007141340163156599
Drug_5281071,0.0007135471720966741
Drug_5311101,0.0007130148273418211
Drug_100003251,0.0007124933629291713
Drug_60795,0.0007124233071497577
Drug_100004042,0.000712124275865101
Drug_4829,0.0007121126219843634
Drug_5333,0.0007118685532727066
Drug_100005470,0.0007115169505699429
Drug_6450551,0.0007100836534518933
Drug_100000946,0.0007098082025370567
Drug_100005472,0.0007097986660911728
Drug_100003370,0.0007097169598342241
Drug_100005538,0.0007092455616227717
Drug_100004163,0.0007087870308141596
Drug_4036,0.0007084703581185321
Drug_9782,0.0007083238783601313
Drug_151601240,0.0007076149747399042
Drug_100002370,0.0007075365540419739
Drug_116131215,0.0007073826715803449
Drug_5833,0.0007072946501526125
Drug_6279,0.0007060014110652659
Drug_100001798,0.0007055481461044478
Drug_216416,0.0007054180869639612
Drug_5184,0.000705372909652379
Drug_100004196,0.0007047882596981465
Drug_5403,0.0007046688991168481
Drug_5572,0.000703789289466594
Drug_6918155,0.0007033480815204589
Drug_100004425,0.0007031557604148565
Drug_100003154,0.0007030417628976747
Drug_100004493,0.0007026621447609767
Drug_100001206,0.0007025951666010411
Drug_3034010,0.0007025136870336766
Drug_100003158,0.0007024908398789098
Drug_126941,0.0007023651563329944
Drug_4820,0.0007022301062166562
Drug_100154058,0.000701558771685457
Drug_5310993,0.000701547365083347
Drug_71414,0.000701338820773249
Drug_100148121,0.0007012290524304454
Drug_100002563,0.0007010199609570883
Drug_51601240,0.0007008879124689517
Drug_100072054,0.0007007315564039903
Drug_103086685,0.0007006793607953036
Drug_55245,0.0007003007011552397
Drug_100004057,0.0007000920623860596
Drug_11626560,0.0006997283437222911
Drug_100003954,0.0006995444222530958
Drug_2266,0.0006991040562019757
Drug_100176870,0.0006988738969446018
Drug_4735,0.0006986943288703164
Drug_100002684,0.0006986219359714343
Drug_5328940,0.0006982356488188473
Drug_100002905,0.0006981985917785149
Drug_4066,0.0006979735779766471
Drug_100032281,0.0006974883250945277
Drug_100004184,0.0006973540859151425
Drug_951,0.0006969967127306632
Drug_100004542,0.0006963284422821381
Drug_100005002,0.0006960929045427717
Drug_100003387,0.0006959820866361738
Drug_100004585,0.0006958027628104152
Drug_100060864,0.0006954257873339984
Drug_100060146,0.0006951273403463273
Drug_100005572,0.0006949696304074117
Drug_100004829,0.00069464890173995
Drug_100005645,0.0006941990818545335
Drug_4449,0.000693541344861791
Drug_4723,0.0006935068761644388
Drug_6224,0.0006931501952227685
Drug_34359,0.0006927401945099204
Drug_2381,0.0006926592693093295
Drug_100004189,0.0006924817395564362
Drug_100005487,0.0006922096552642112
Drug_100005267,0.0006918337941858052
Drug_219078,0.0006914703765566492
Drug_100005410,0.0006913184765023474
Drug_5281107,0.00069054777791127
Drug_2564,0.0006897639446911846
Drug_100059768,0.0006896745296140171
Drug_4493,0.0006895860287224658
Drug_5755,0.0006891193364969295
Drug_111597571,0.0006890292601212591
Drug_3779,0.0006889351007671798
Drug_100000937,0.0006887830079879802
Drug_5920,0.0006887098356031612
Drug_100002130,0.0006886711761905738
Drug_5995,0.000687994325771992
Drug_100002764,0.0006875899643090548
Drug_100003373,0.0006875853497144991
Drug_6456015,0.0006874938691046456
Drug_4946,0.0006874666006696807
Drug_5702160,0.000687338433980357
Drug_4887,0.0006871727670979062
Drug_100004112,0.000687016203921487
Drug_100121749,0.0006869812707071504
Drug_100002375,0.0006867935960579893
Drug_3883,0.0006867343370595307
Drug_111519069,0.0006864122555456238
Drug_3373,0.0006864093127016505
Drug_100004170,0.0006862202790577508
Drug_100004631,0.0006861229322352125
Drug_3746,0.0006857825446288804
Drug_2802,0.0006854007224504208
Drug_3343,0.0006852170286304162
Drug_100003278,0.0006852150267534364
Drug_109854489,0.000685127399734501
Drug_9854489,0.0006851157251226451
Drug_121749,0.0006845458237038204
Drug_100002462,0.0006839720596954768
Drug_119607,0.0006837902251718236
Drug_100003998,0.0006836453599458141
Drug_100003461,0.0006832414208342377
Drug_100002802,0.0006831485645524862
Drug_2170,0.0006827360869747318
Drug_100002266,0.0006823380811997908
Drug_59226,0.0006820720457394111
Drug_100001986,0.000680928120730791
Drug_110635,0.0006804846676425499
Drug_100005732,0.0006800990043129825
Drug_10113978,0.0006796401533394165
Drug_100004634,0.0006795733721983316
Drug_100110635,0.0006793558213968046
Drug_104758,0.0006790989047980587
Drug_5311297,0.0006787362444542009
Drug_100104758,0.0006786762008411828
Drug_100119182,0.0006782453839803482
Drug_100004894,0.0006781512223596771
Drug_3156,0.0006772380635782114
Drug_100003397,0.0006771648386333255
Drug_16136245,0.0006770767399391015
Drug_125074886,0.0006760111181722184
Drug_100005556,0.0006760008769973977
Drug_444030,0.0006757652642095074
Drug_100005515,0.0006756956157273603
Drug_4991,0.0006756632273991612
Drug_5582,0.0006747966817884405
Drug_100003639,0.0006746718075474994
Drug_60164,0.0006741217192727933
Drug_123631,0.0006739904335007799
Drug_100004120,0.0006736379488441135
Drug_65014,0.0006735830733339786
Drug_100004900,0.000672912719219823
Drug_727,0.000672773177595764
Drug_31378,0.0006727597466851762
Drug_2148,0.0006720411823899857
Drug_4034,0.0006720109900170394
Drug_110113978,0.0006718068644243661
Drug_4174,0.0006715852641104756
Drug_49800046,0.0006715724157347724
Drug_100003380,0.0006714005884346986
Drug_100002250,0.000670826887115742
Drug_5743,0.0006706202157343355
Drug_100005530,0.0006703626139782405
Drug_5825,0.0006700614758100409
Drug_3155,0.0006695140629745172
Drug_100002564,0.0006693336176089329
Drug_5282593,0.0006684806597418456
Drug_5560,0.000667936737510803
Drug_65016,0.0006675242990519971
Drug_4184,0.0006669385572067737
Drug_4680,0.0006667153136499155
Drug_969472,0.0006665420476425287
Drug_100003007,0.0006660231598927953
Drug_154058,0.000665545205529229
Drug_5073,0.0006650571130124753
Drug_937,0.0006649910418894319
Drug_5493444,0.000664197178574059
Drug_4919,0.0006640593422010136
Drug_1349907,0.0006640133906424947
Drug_5452,0.000663699359803702
Drug_3661,0.0006636716605205176
Drug_100060853,0.0006636403017612195
Drug_100062924,0.0006634649794977592
Drug_47811,0.000662804586387828
Drug_11519069,0.0006626380589383897
Drug_100003219,0.0006623100476140039
Drug_4748,0.0006621382023671128
Drug_100003440,0.0006621101464054866
Drug_100004768,0.0006620870627581365
Drug_2913,0.0006620866176932842
Drug_100002160,0.0006606668248591288
Drug_72054,0.0006604060276911394
Drug_100005533,0.0006600455998325771
Drug_3081361,0.0006597748051112354
Drug_100005184,0.0006597171731475155
Drug_5734,0.0006595933545415942
Drug_100039764,0.0006593047307306958
Drug_100003003,0.0006592243472220241
Drug_3202,0.0006587635588784675
Drug_4740,0.0006582603836763975
Drug_3114,0.0006578681265804113
Drug_100005734,0.0006575343141852804
Drug_4456,0.0006570539696164726
Drug_6006,0.0006566961434842337
Drug_4943,0.0006555300569031229
Drug_3241,0.0006554520863840969
Drug_5556,0.0006550356442827346
Drug_100003449,0.0006545967229439526
Drug_5381,0.0006543855497160032
Drug_109800339,0.0006539813373019063
Drug_33255,0.0006539483077506355
Drug_77990,0.000653369613408464
Drug_100315411,0.0006529696688478752
Drug_39764,0.000652404870426623
Drug_5656,0.0006520900268252361
Drug_3380,0.000651787942605502
Drug_159269,0.0006517619298990399
Drug_100003685,0.0006516728289579979
Drug_446284,0.0006514986511962911
Drug_100000158,0.0006510731985452979
Drug_100003209,0.000650754186498215
Drug_35370,0.0006491307401571583
Drug_2725,0.0006488641400372284
Drug_100119828,0.0006484611452784002
Drug_1548999,0.0006484421386360963
Drug_5732,0.0006483126654953923
Drug_2905,0.00064767160521919
Drug_100004449,0.0006464424739915704
Drug_4768,0.0006460202298214989
Drug_785,0.0006457010912790976
Drug_100004174,0.0006456488321100648
Drug_5815,0.0006455829006818963
Drug_100005582,0.0006453627882468572
Drug_15951529,0.0006451525462634716
Drug_441336,0.0006449333880529272
Drug_100001983,0.0006415777758391362
Drug_100002118,0.0006415457374650655
Drug_5360696,0.0006414920325936417
Drug_2995,0.0006414797266416274
Drug_100003155,0.0006413792366877251
Drug_60749,0.0006410063399778165
Drug_6252,0.0006410000588827609
Drug_4615,0.0006398505614899077
Drug_100041693,0.0006396675190777704
Drug_100002179,0.00063940191289553
Drug_100004197,0.0006387229481964323
Drug_100002712,0.0006374376736032154
Drug_5381226,0.0006362929791189691
Drug_5281040,0.0006353019954370699
Drug_100005073,0.0006346841051087597
Drug_111228026,0.000634600659508158
Drug_100004740,0.0006344741516998429
Drug_100004205,0.0006343419996356239
Drug_100110634,0.0006337994023794054
Drug_100004745,0.0006336269877162055
Drug_2179,0.0006333239690879965
Drug_100216239,0.0006332671355437941
Drug_5578,0.000633172694119108
Drug_5329098,0.0006328222440281996
Drug_4673,0.0006326814548999051
Drug_2474,0.0006325757867198364
Drug_100002818,0.0006324004174412682
Drug_55283,0.0006319343409367111
Drug_3440,0.0006317526989194227
Drug_100004212,0.0006311844479828269
Drug_100003156,0.0006311518987681732
Drug_100003746,0.0006311257602793861
Drug_100002955,0.0006305995663281249
Drug_100005656,0.0006290384504733327
Drug_100150310,0.0006286253464845699
Drug_100054313,0.0006282561669959628
Drug_100003355,0.0006278054990665913
Drug_100005546,0.0006276859917264016
Drug_5245,0.000626979057222941
Drug_100060752,0.0006262786109997589
Drug_4679,0.0006262750706862173
Drug_100002617,0.0006261810318180714
Drug_105310993,0.0006256592145464279
Drug_104849,0.0006255235541027051
Drug_100002913,0.0006250903274234527
Drug_100123015,0.0006242001727216281
Drug_100219078,0.0006240156713074799
Drug_110634,0.0006239233269004596
Drug_100002187,0.0006236733423514413
Drug_100005314,0.0006231640902111451
Drug_42890,0.0006230866394873856
Drug_60936,0.0006229712781694263
Drug_100005333,0.000622729234642681
Drug_100002631,0.0006220269941002086
Drug_2540,0.0006219006465509392
Drug_5360515,0.000620995967658641
Drug_5314,0.0006202727627160174
Drug_100005578,0.0006194211598015535
Drug_936,0.0006194210219767306
Drug_100061799,0.0006189768798705885
Drug_3657,0.0006185643531105982
Drug_6918313,0.0006184508724926431
Drug_2088,0.0006172349124100509
Drug_5311181,0.0006165061090040954
Drug_6251,0.0006162420737133715
Drug_2881,0.0006160966706781632
Drug_9651,0.0006160164347416375
Drug_5362129,0.0006160145565009133
Drug_100005212,0.0006158294193855297
Drug_116136245,0.0006157588786085223
Drug_5362118,0.0006156723796008234
Drug_100107994,0.000615583146854414
Drug_100003494,0.0006153113339377547
Drug_100000444,0.0006148151576841991
Drug_51634,0.0006145495844155492
Drug_100004991,0.0006144234900288505
Drug_100004680,0.0006143070452530201
Drug_3010818,0.0006142618173344492
Drug_100000750,0.0006138703099564539
Drug_3964,0.0006138384966849715
Drug_100000727,0.0006127398757846768
Drug_100003929,0.0006126762071827044
Drug_3152,0.0006120841946263021
Drug_71329,0.000611649053633407
Drug_5464097,0.000611613313975149
Drug_100002311,0.0006115315807644027
Drug_441314,0.0006114277299819016
Drug_5362123,0.0006108855203253617
Drug_100072111,0.0006107574063781838
Drug_100134018,0.0006106661136487087
Drug_100003222,0.0006106245155233649
Drug_3100,0.0006104728201392142
Drug_2118,0.0006098813923395333
Drug_100004673,0.0006097996973019696
Drug_3007,0.0006097353251283641
Drug_564,0.0006096467881229272
Drug_100004456,0.0006095052637159823
Drug_5483,0.0006087180526330966
Drug_100003199,0.0006073663370298077
Drug_24873435,0.0006069881090035113
Drug_3397,0.0006067124430791502
Drug_3672,0.0006060952088889461
Drug_26986,0.0006051375003218104
Drug_105464096,0.0006047127642169031
Drug_100005077,0.0006040292118521389
Drug_100063001,0.0006032394898031787
Drug_100051577,0.0006027034384311878
Drug_100119607,0.0006024756061916184
Drug_3623,0.0006024201932254102
Drug_100193962,0.0006020401625049616
Drug_100000564,0.0006020311270549806
Drug_100002088,0.0006017954181676744
Drug_445643,0.0006012742923073464
Drug_100003386,0.0006012679328591236
Drug_116065945,0.0006009629978372087
Drug_100003417,0.0006001345598680849
Drug_100005039,0.0006001116680375854
Drug_6918289,0.000599823891170269
Drug_65999,0.0005995613381360129
Drug_109846180,0.0005989248643480001
Drug_107994,0.000598532802443535
Drug_100002676,0.0005980015606055327
Drug_110324367,0.0005979174539659114
Drug_9875401,0.0005974530294673251
Drug_100005038,0.0005972425562323411
Drug_100060843,0.0005971514821900338
Drug_104369359,0.0005967905004868758
Drug_100006726,0.0005967528829928946
Drug_100003623,0.0005964403325479788
Drug_100005372,0.0005961684950311195
Drug_73491,0.0005955855583403237
Drug_25181561,0.0005955525513695772
Drug_100005245,0.0005955517263326947
Drug_441401,0.0005952905989692497
Drug_100002551,0.0005949611637194592
Drug_5362440,0.0005945017368868329
Drug_5479529,0.0005944794486009594
Drug_5479530,0.0005940767854506736
Drug_5484727,0.0005939290150248309
Drug_1548943,0.0005934789584222728
Drug_91429,0.0005925482651568051
Drug_5736,0.0005916347635843382
Drug_4369359,0.0005914857415569356
Drug_100005005,0.0005914742467322473
Drug_100128549,0.0005913203939651637
Drug_100004735,0.0005911992555492228
Drug_100003419,0.0005910488210340017
Drug_5411,0.0005907998223019643
Drug_5462501,0.0005906191848997778
Drug_4927,0.0005904312929353444
Drug_446156,0.0005899071484256002
Drug_100000861,0.000589553874636128
Drug_165579,0.0005891901520115873
Drug_100003696,0.0005888124496179467
Drug_100003414,0.0005887184632109289
Drug_100005297,0.0005884178669356203
Drug_100003241,0.0005884108507449067
Drug_105251896,0.0005880521705180642
Drug_4197,0.00058798247128982
Drug_1993,0.0005878837573785955
Drug_100005525,0.0005875240201419897
Drug_4848,0.000587204942038272
Drug_100003918,0.00058640034605312
Drug_100010660,0.0005860202811616968
Drug_100003672,0.000585937386051169
Drug_1972,0.0005859139653567262
Drug_100002021,0.0005858635267203312
Drug_3699,0.0005854219117152275
Drug_100004030,0.0005851706476206526
Drug_100055331,0.0005848281789132856
Drug_72022,0.0005847282765115829
Drug_100000581,0.0005845876965553635
Drug_119,0.0005845738335377149
Drug_100003830,0.0005845456139429177
Drug_100216326,0.0005842293049803532
Drug_60772,0.0005842018526765997
Drug_100002548,0.0005841175409928326
Drug_60699,0.0005839683795910789
Drug_3937,0.0005839622668399766
Drug_2712,0.0005838122609710081
Drug_4893,0.0005837097454210441
Drug_107807,0.0005836219879642563
Drug_5388961,0.0005831919515435083
Drug_5742673,0.0005825457492391586
Drug_5212,0.0005824615390790431
Drug_156418,0.0005820780656904472
Drug_62956,0.0005816198825403715
Drug_5419,0.0005815476433066596
Drug_3074,0.0005813827893800281
Drug_100005483,0.0005807492568360848
Drug_100001972,0.0005805935556799864
Drug_104659569,0.0005805211760772952
Drug_5978,0.0005801158448904237
Drug_4004,0.0005800162894924332
Drug_100004917,0.0005797195342381131
Drug_100003937,0.0005794503571444624
Drug_2094,0.0005789947693118702
Drug_3406,0.0005785874886055936
Drug_15541,0.0005783522231563789
Drug_100156418,0.0005779889165664637
Drug_60852,0.0005774634875551067
Drug_100004689,0.000577065035549364
Drug_244,0.0005770116955186172
Drug_948,0.0005757607476895232
Drug_6322,0.0005751177405229976
Drug_100003366,0.0005749341792813956
Drug_100000700,0.0005741591982369754
Drug_6918537,0.0005739541266554803
Drug_100072022,0.0005737520995824342
Drug_6726,0.0005732838381100765
Drug_100060184,0.0005730932448595764
Drug_3032,0.0005730764101201603
Drug_2536,0.0005730371992531806
Drug_12035,0.0005727424834177817
Drug_100005726,0.0005726699008002217
Drug_4913,0.0005726555795726864
Drug_100004913,0.000572599665262794
Drug_446541,0.0005720823798627002
Drug_100004264,0.0005720823798627002
Drug_312,0.0005720823798627002
Drug_100004272,0.0005720823798627002
Drug_100004497,0.0005720823798627002
Drug_100004739,0.0005720823798627002
Drug_24776445,0.0005720823798627002
Drug_6918670,0.0005720823798627002
Drug_23994,0.0005720823798627002
Drug_100023994,0.0005720823798627002
Drug_100023993,0.0005720823798627002
Drug_23993,0.0005720823798627002
Drug_24450,0.0005720823798627002
Drug_100024450,0.0005720823798627002
Drug_753,0.0005720823798627002
Drug_100000753,0.0005720823798627002
Drug_100005300,0.0005720823798627002
Drug_100003182,0.0005720823798627002
Drug_100057469,0.0005720823798627002
Drug_100003598,0.0005720823798627002
Drug_100003637,0.0005720823798627002
Drug_439693,0.0005720823798627002
Drug_100004932,0.0005720823798627002
Drug_3598,0.0005720823798627002
Drug_923,0.0005720823798627002
Drug_100000923,0.0005720823798627002
Drug_888,0.0005720823798627002
Drug_100000888,0.0005720823798627002
Drug_3637,0.0005720823798627002
Drug_100000312,0.0005720823798627002
Drug_4497,0.0005720823798627002
Drug_4932,0.0005720823798627002
Drug_100115355,0.0005720823798627002
Drug_115355,0.0005720823798627002
Drug_100003520,0.0005720823798627002
Drug_57469,0.0005720823798627002
Drug_100000598,0.0005720823798627002
Drug_3520,0.0005720823798627002
Drug_598,0.0005720823798627002
Drug_2719,0.0005720823798627002
Drug_106918670,0.0005720823798627002
Drug_446596,0.0005720823798627002
Drug_100002719,0.0005720823798627002
Drug_3117,0.0005720823798627002
Drug_100003117,0.0005720823798627002
Drug_124776445,0.0005720823798627002
Drug_60961,0.0005720823798627002
Drug_100000191,0.0005720823798627002
Drug_16078,0.0005720823798627002
Drug_100002978,0.0005720823798627002
Drug_2161,0.0005720823798627002
Drug_100002161,0.0005720823798627002
Drug_6503,0.0005720823798627002
Drug_100006503,0.0005720823798627002
Drug_6049,0.0005720823798627002
Drug_100006049,0.0005720823798627002
Drug_60946,0.0005720823798627002
Drug_100005486,0.0005720823798627002
Drug_60855,0.0005720823798627002
Drug_100005721,0.0005720823798627002
Drug_100001130,0.0005720823798627002
Drug_1130,0.0005720823798627002
Drug_16124,0.0005720823798627002
Drug_10077129,0.0005720823798627002
Drug_163296,0.0005720823798627002
Drug_100163296,0.0005720823798627002
Drug_150311,0.0005720823798627002
Drug_100150311,0.0005720823798627002
Drug_110028615,0.0005720823798627002
Drug_100016124,0.0005720823798627002
Drug_100001971,0.0005720823798627002
Drug_441300,0.0005720823798627002
Drug_100000679,0.0005720823798626999
Drug_271,0.0005720823798626999
Drug_100000271,0.0005720823798626999
Drug_679,0.0005720823798626999
Drug_104659568,0.0005720790317701095
Drug_100003443,0.0005719262897201052
Drug_4170,0.0005718705297123309
Drug_700,0.0005716137058422877
Drug_116126651,0.0005715081655122537
Drug_110096344,0.0005711322839224518
Drug_4775,0.0005707879850436156
Drug_100062956,0.0005707115602361874
Drug_5463984,0.0005704067187400446
Drug_5282451,0.0005701714239925828
Drug_4659569,0.000570045713295002
Drug_5994,0.0005699513553449547
Drug_4046,0.0005697954327503037
Drug_6058,0.0005694131926195401
Drug_10096344,0.0005688689974800736
Drug_100004583,0.0005686137740267664
Drug_65856,0.000568212982966155
Drug_439260,0.000568152469727617
Drug_100449193,0.0005678969823661068
Drug_100005411,0.0005673845677287694
Drug_27885548,0.000567183352965032
Drug_100002658,0.0005671667507546615
Drug_100060795,0.0005670711333572301
Drug_3148,0.0005670193146714538
Drug_4030,0.0005670119741623886
Drug_100002656,0.0005669778220512716
Drug_100006058,0.0005668325206758414
Drug_3830,0.0005668218900317275
Drug_100000948,0.0005667958676820151
Drug_3404,0.0005664353318584727
Drug_100005426,0.0005661843683575326
Drug_100004775,0.0005661740304325406
Drug_100134780,0.0005658334662502145
Drug_5281081,0.000565683598308394
Drug_154256,0.0005650273233885489
Drug_100005647,0.0005650229007817961
Drug_100003657,0.0005649755046239357
Drug_5591,0.0005647563451667389
Drug_24821094,0.0005646387321555058
Drug_23982,0.0005646210272931424
Drug_3639,0.0005641893188380988
Drug_3366,0.0005641705867110097
Drug_3001028,0.0005637578779535994
Drug_100023982,0.0005636415099007473
Drug_4044,0.000563355094147217
Drug_100004865,0.0005631148472403996
Drug_107969,0.0005628422652663268
Drug_100121892,0.0005627767480320674
Drug_100002801,0.0005620654433327406
Drug_644241,0.0005616702272813122
Drug_40692,0.0005612284945901414
Drug_3000226,0.0005611442703576711
Drug_100001993,0.0005608045754181101
Drug_54891,0.0005598121485037567
Drug_10607,0.0005581429860928008
Drug_44257,0.0005580750590007326
Drug_2723601,0.0005579568921886397
Drug_2818,0.00055794292945013
Drug_100002725,0.0005577842002699526
Drug_105001396,0.0005575407888735367
Drug_102723601,0.0005568746514866717
Drug_2801,0.0005568222355314678
Drug_23926,0.0005568082246743162
Drug_100002094,0.0005566997807585518
Drug_100003100,0.0005555917121158518
Drug_100003108,0.0005548265369853317
Drug_9681,0.0005544840151657156
Drug_5546,0.000554316481806418
Drug_100000119,0.0005542107454828617
Drug_100000244,0.0005539876439590384
Drug_100004943,0.0005537273827278372
Drug_100002215,0.0005532150677650831
Drug_100003202,0.0005531685706216984
Drug_100004004,0.000552595589505752
Drug_3825,0.0005522285074018553
Drug_124087,0.0005509418949530095
Drug_3478,0.0005508024184278416
Drug_60934,0.0005507645928450387
Drug_100107969,0.0005507581737150002
Drug_100003042,0.0005507042288792172
Drug_100001125,0.0005501490171568325
Drug_5359,0.0005500397961865016
Drug_100004679,0.0005499911253686727
Drug_100004746,0.0005498918058534547
Drug_2351,0.0005495878561349564
Drug_13109,0.0005492391249914688
Drug_30323,0.0005490690687337917
Drug_100002519,0.0005490383482104931
Drug_100000774,0.0005486011393892134
Drug_60198,0.0005473922630836168
Drug_5280723,0.0005471214410264193
Drug_11243969,0.0005468589275269759
Drug_3826,0.000546839124143222
Drug_2141,0.000546680138779884
Drug_100002153,0.0005463228626153826
Drug_25151504,0.0005460422032828637
Drug_100036339,0.0005457823034087179
Drug_2551,0.0005452368515276996
Drug_60822,0.0005450574698232168
Drug_9853053,0.0005435104097514811
Drug_100216210,0.0005428875467945997
Drug_109853053,0.0005424919526106917
Drug_6167,0.0005422212413572502
Drug_2764,0.0005416850336875308
Drug_154677977,0.0005413519650953307
Drug_1615,0.0005400623259874063
Drug_111235728,0.0005395162907547445
Drug_100003403,0.0005394010350533528
Drug_100125889,0.0005392950301199871
Drug_3055,0.0005391607861925172
Drug_2548,0.0005386506401729955
Drug_100060852,0.000538556799622017
Drug_100000699,0.0005381452932688671
Drug_2187,0.0005380246813885193
Drug_100005359,0.0005379861163944314
Drug_100002662,0.0005378403097832969
Drug_100030623,0.0005376911369330901
Drug_4585,0.0005372929444737269
Drug_100005978,0.0005367907426064879
Drug_100037392,0.0005367804251107437
Drug_100148191,0.0005366677126345729
Drug_100041684,0.0005364634866435706
Drug_154100,0.0005358025521468466
Drug_37392,0.0005353488033663587
Drug_100004811,0.0005346191034874113
Drug_100055480,0.0005344629790197856
Drug_100005195,0.000534122146546348
Drug_100002881,0.0005334573464473183
Drug_60464,0.0005331690788437003
Drug_100002958,0.0005329843696400288
Drug_100060726,0.0005329404710948466
Drug_5564,0.0005326766009210615
Drug_2955,0.0005325151380085289
Drug_100005029,0.0005322581789211675
Drug_100005035,0.0005322131720559355
Drug_100074989,0.0005321108335854146
Drug_13342,0.0005317099890158845
Drug_63009,0.0005312325232612936
Drug_60648,0.0005311760569272734
Drug_54684141,0.0005310832059282639
Drug_100003559,0.0005303097454279899
Drug_100003032,0.0005301637713275102
Drug_100216416,0.0005298412433727215
Drug_444,0.0005297001821641668
Drug_5717,0.0005292802837141518
Drug_100443379,0.0005291310016004318
Drug_5482,0.0005285536178188199
Drug_100002610,0.0005277552304233605
Drug_74989,0.0005268679929774352
Drug_767,0.0005267291422200728
Drug_100000450,0.0005259077524352023
Drug_100005564,0.0005255169006811288
Drug_6468,0.0005252128639817765
Drug_100667490,0.0005251908932822706
Drug_100208902,0.0005251475385971951
Drug_4168,0.0005247649872212097
Drug_5983,0.0005244258903455167
Drug_3108,0.0005242589649334457
Drug_100060198,0.0005234000747480589
Drug_6234,0.0005230047033543475
Drug_4139,0.0005228235618885802
Drug_100001084,0.0005226094267953572
Drug_2583,0.0005226051624856262
Drug_100003793,0.0005224598062166354
Drug_134018,0.0005224368765944712
Drug_3784,0.0005222000197536359
Drug_100002583,0.0005218448737359449
Drug_146570,0.0005213104425446425
Drug_4158,0.0005207428082654446
Drug_667490,0.0005198223495628543
Drug_100002351,0.0005197995090045343
Drug_47964,0.000519735263233961
Drug_1548886,0.0005195950906975907
Drug_100003878,0.0005193665400917515
Drug_4054,0.0005193380761398787
Drug_176870,0.0005190770100148534
Drug_100004054,0.0005186078598869032
Drug_5280793,0.0005183596251140851
Drug_77993,0.0005182829843599843
Drug_100002794,0.0005181927663522749
Drug_60853,0.0005172717114453392
Drug_100005396,0.000515571899814138
Drug_100003899,0.0005147250165313642
Drug_100002474,0.0005136030983814915
Drug_106433091,0.0005135603914327886
Drug_100004248,0.0005124263135195175
Drug_41684,0.0005102801038639808
Drug_100003405,0.00050986347943686
Drug_100065999,0.0005083942938453078
Drug_100004893,0.0005078163458920806
Drug_100124087,0.0005077705937878611
Drug_3902,0.0005076888199864497
Drug_3052762,0.0005075785516360406
Drug_3878,0.0005071975498622031
Drug_100122197,0.0005067812993801242
Drug_100002914,0.0005062655052409362
Drug_156391,0.0005061423298493938
Drug_100002803,0.0005058989350917743
Drug_100003425,0.0005057531700986752
Drug_100000401,0.0005056315112405436
Drug_100004920,0.0005055592117733352
Drug_174174,0.000504965822753233
Drug_100129806,0.0005045212674051475
Drug_100009354,0.0005041837030733677
Drug_100004771,0.0005037012205999573
Drug_24066,0.0005036544623939186
Drug_64730,0.0005035995096248265
Drug_100004547,0.0005035804728226057
Drug_100000951,0.0005034159220168586
Drug_100213023,0.000503414135223699
Drug_449193,0.0005028142690376003
Drug_100006468,0.0005017399193688742
Drug_100003961,0.0005013014242892151
Drug_4746,0.0005012173139433401
Drug_100039042,0.0005008610230905845
Drug_100003148,0.0005005593811786215
Drug_100005076,0.000499703204522647
Drug_100003661,0.000499589185415104
Drug_5329102,0.000499402508348635
Drug_60752,0.0004991106171019797
Drug_100004236,0.0004987766470300473
Drug_103052762,0.0004986604181527
Drug_5909,0.0004982828880820724
Drug_100071329,0.0004976983648552932
Drug_60726,0.0004974497822711502
Drug_149096,0.0004952223262893335
Drug_5486971,0.0004936151902438595
Drug_3019,0.0004933368605918293
Drug_100005593,0.000493196802276592
Drug_5352062,0.0004926839847216446
Drug_125880656,0.0004920688866071626
Drug_100003009,0.0004904468814255496
Drug_100004911,0.0004901778820378016
Drug_26757,0.0004895324153928715
Drug_5355,0.0004883656907752994
Drug_6037,0.00048792981712687746
Drug_100024748,0.00048744341325090523
Drug_111020241,0.0004863550609718523
Drug_100065856,0.0004859026794732654
Drug_100005210,0.0004858190159961599
Drug_100013342,0.00048581896635461726
Drug_3899,0.0004852462396159619
Drug_100004139,0.00048518341154412314
Drug_11020241,0.0004846505883122473
Drug_149436,0.00048411403123198673
Drug_100004259,0.0004839958664668425
Drug_4601,0.0004827944943858025
Drug_100003019,0.00048275002322121065
Drug_101526,0.0004822750529632014
Drug_5757,0.0004821591364161014
Drug_100002141,0.0004817824180324336
Drug_124950485,0.00048128092595804836
Drug_100216209,0.00047897241124201053
Drug_5870,0.00047878058042054544
Drug_100002177,0.00047763563058273416
Drug_100003310,0.00047739126483717506
Drug_3446,0.00047675718729747166
Drug_1206,0.0004760178564739505
Drug_6321411,0.00047570712646799343
Drug_774,0.0004756774249490229
Drug_100000187,0.0004756302598327183
Drug_4032,0.0004750651758839526
Drug_3042,0.0004747219518082635
Drug_100123631,0.0004746872338403531
Drug_100003446,0.00047423602700640954
Drug_5530,0.00047412534042650875
Drug_6917778,0.00047376223852239766
Drug_121892,0.0004736819137355885
Drug_10660,0.00047339105452344043
Drug_36462,0.00047338526858015334
Drug_100005408,0.00047287577200826687
Drug_5593,0.0004710076565206518
Drug_100123611,0.0004695017028389189
Drug_100005466,0.0004694468376019109
Drug_71771,0.000469253675583932
Drug_148123,0.0004691528299873779
Drug_3002977,0.0004689091310288255
Drug_100004666,0.0004685778235359102
Drug_100003750,0.0004685300699667252
Drug_1983,0.0004683656803655278
Drug_4993,0.00046773497672269895
Drug_11450633,0.00046738596534328216
Drug_100077998,0.00046690303757217124
Drug_100003342,0.0004653117516583813
Drug_10324367,0.000465101298070913
Drug_71301,0.0004649683131644234
Drug_5291,0.00046435357925900006
Drug_3278,0.00046412166840196817
Drug_103010818,0.0004636771670868874
Drug_2130,0.00046341601349165974
Drug_656926,0.00046252889064622607
Drug_100005352,0.00046251825446988416
Drug_100003406,0.00046210221201494037
Drug_124812758,0.0004617435039296164
Drug_24812758,0.00046157379302009085
Drug_92253,0.0004615533820518348
Drug_100005452,0.00046144221201534794
Drug_100002973,0.00046135288003710975
Drug_2662,0.0004610063642640687
Drug_2344,0.0004601349739193877
Drug_2747,0.0004591671216600387
Drug_109887712,0.0004583501734382947
Drug_9887712,0.00045817269377514775
Drug_4911,0.00045794637577670693
Drug_2519,0.0004570742219021026
Drug_2153,0.0004567296023519987
Drug_100004036,0.0004532350704214202
Drug_4058,0.00045322555603225553
Drug_3559,0.0004531897911156489
Drug_100004114,0.0004520074679253784
Drug_100170361,0.000451224396354167
Drug_106918638,0.0004510621446811478
Drug_5311,0.00045043807392158494
Drug_5070,0.000448735105218731
Drug_16132344,0.00044834303364789515
Drug_100005257,0.00044809036227169685
Drug_100004058,0.00044622175687021647
Drug_16157882,0.00044613917154090986
Drug_3059,0.00044567502528453844
Drug_100060834,0.00044536653120752024
Drug_191,0.0004449052730426424
Drug_116156130,0.00044489942961709397
Drug_383413,0.0004448925701430105
Drug_100005311,0.0004446266639300412
Drug_6918638,0.000442516215853657
Drug_100023951,0.0004424722342455268
Drug_100002675,0.000442432785132289
Drug_100005526,0.0004417381999132432
Drug_100000738,0.00044165107269172367
Drug_100016230,0.0004415763512757193
Drug_5780,0.0004410097007572463
Drug_100000232,0.0004408829952834133
Drug_100001065,0.0004408784627479605
Drug_100003143,0.0004407688495281228
Drug_116132344,0.0004395464236673976
Drug_5280363,0.00043928186450718873
Drug_100004691,0.0004391707793792984
Drug_100003114,0.0004375723944660008
Drug_100003478,0.00043740682455749
Drug_4236,0.0004363930788361056
Drug_187,0.0004356100735788816
Drug_100003008,0.00043530728140977017
Drug_5039,0.00043515445381415703
Drug_100004510,0.00043435655718834353
Drug_116132283,0.0004342825390562336
Drug_100003825,0.00043420668173687596
Drug_100005584,0.0004337590362771042
Drug_446157,0.00043298756604966083
Drug_3463,0.0004325155911047131
Drug_23668479,0.00043225987240484275
Drug_100071616,0.00043170773402011935
Drug_3121,0.00043117196098122184
Drug_100003848,0.0004310072942684619
Drug_100004044,0.00043070913361024585
Drug_55480,0.0004297429344678272
Drug_100003902,0.0004288377544144552
Drug_4771,0.0004282979650781734
Drug_3767,0.0004280866941918242
Drug_100023925,0.000427528346959586
Drug_100003121,0.00042745180554277866
Drug_100002713,0.00042617131591729735
Drug_100004993,0.0004258880374958865
Drug_100004599,0.00042560557223082654
Drug_100003784,0.0004243934971083368
Drug_5905,0.0004241021392027847
Drug_100004499,0.00042395398133849216
Drug_946,0.0004234850231283144
Drug_100005595,0.0004219977954041346
Drug_3957,0.0004196915495326954
Drug_4594,0.00041931625992603944
Drug_941651,0.0004191946713815838
Drug_100005718,0.0004189170434961278
Drug_60834,0.0004186802263457628
Drug_100028486,0.0004164405006234845
Drug_111163584,0.0004158683487872997
Drug_9966051,0.00041484621409707293
Drug_105381226,0.0004135860656513207
Drug_100004451,0.00041208745030912235
Drug_100000143,0.0004115997314052095
Drug_100003826,0.0004113267905737428
Drug_100004211,0.0004111286988352853
Drug_3103,0.00041090053443189095
Drug_100148211,0.00041088076673670394
Drug_446155,0.00041029614979616147
Drug_100003675,0.0004089548265540293
Drug_100001805,0.000408650175498239
Drug_6918365,0.0004080478098705026
Drug_942,0.0004072390703766934
Drug_4178,0.00040457734262749206
Drug_100005403,0.00040406966553789146
Drug_100077992,0.00040241125301227116
Drug_37464,0.0004019783653227936
Drug_4095,0.0004018464319252554
Drug_100077993,0.00039982637494169254
Drug_100016362,0.00039941938732852085
Drug_100003385,0.00039884965413257336
Drug_3488,0.00039829106297523055
Drug_39186,0.00039809564251447186
Drug_100073658,0.00039655389880524866
Drug_2284,0.00039603950422016307
Drug_1548954,0.0003960032608260793
Drug_100151165,0.000395669859806149
Drug_100002833,0.0003947293824575254
Drug_3385,0.0003938057965084277
Drug_89594,0.000392285434682975
Drug_100002733,0.00039204985392180956
Drug_2803,0.00039185853899437195
Drug_208902,0.0003916004805666561
Drug_100002099,0.00039079347768844453
Drug_100003463,0.00039079254004688215
Drug_2733,0.00039034169080106186
Drug_100004409,0.0003893965237673473
Drug_2182,0.0003887554012495935
Drug_109966051,0.0003883739787350478
Drug_9871419,0.00038830721296756444
Drug_100003152,0.0003880914008084202
Drug_100002182,0.000387644434882735
Drug_100003075,0.00038727129454818956
Drug_116132265,0.0003872019252033281
Drug_100003706,0.00038715107934934585
Drug_222,0.0003870306480581522
Drug_100071301,0.00038688356688616147
Drug_109871419,0.00038677553411339447
Drug_2099,0.000386539012985246
Drug_5284616,0.00038614287735369297
Drug_100004485,0.0003860365897606238
Drug_100152945,0.00038588061200339025
Drug_100004440,0.0003848984130088278
Drug_100093860,0.0003847882371992434
Drug_170361,0.00038369466171167695
Drug_5210,0.0003836395312745971
Drug_100003510,0.0003826617960074113
Drug_100005453,0.00038222253427915964
Drug_100000612,0.00038219201377796374
Drug_103086686,0.0003819877259752031
Drug_750,0.00038129654918344995
Drug_77998,0.00038124365459423046
Drug_54671203,0.00038083296995595193
Drug_100004046,0.00037930513224917887
Drug_100005672,0.00037929316739031434
Drug_4473,0.0003790398191660709
Drug_100004032,0.0003787050374004677
Drug_896,0.00037851627611936865
Drug_105327147,0.0003784635795074805
Drug_100003962,0.0003778534523767931
Drug_105361912,0.00037701334666835997
Drug_9838021,0.00037535437666543154
Drug_2162,0.0003740786040781339
Drug_100000698,0.00037337777504201867
Drug_39042,0.0003718360024829012
Drug_6323490,0.0003694416268139773
Drug_100082148,0.0003688518057627429
Drug_100005523,0.0003687775954105411
Drug_100004819,0.00036846283714395557
Drug_100083513,0.000366583487518753
Drug_116129617,0.00036641350623613223
Drug_25126797,0.00036621378015985176
Drug_3306,0.00036528870534162437
Drug_16362,0.0003647201690574254
Drug_82148,0.00036349570190363767
Drug_2442,0.00036238773269473836
Drug_16230,0.00036232170742761646
Drug_100004095,0.0003622901997625134
Drug_100064929,0.0003618930529674815
Drug_100002442,0.0003617665720084363
Drug_100000214,0.0003611909350500009
Drug_100003883,0.00036023974253642345
Drug_100000160,0.0003587593071132431
Drug_64929,0.00035790158246748634
Drug_100002267,0.00035654269827224054
Drug_3355,0.00035642900144840814
Drug_100002162,0.0003562900792004651
Drug_100005090,0.00035509739086117813
Drug_100005291,0.00035490044526968083
Drug_1051,0.00035305130486516496
Drug_100023926,0.0003526942599090322
Drug_100000596,0.00035231734922821795
Drug_311,0.00035160904681456114
Drug_4192,0.0003510397747784374
Drug_3947,0.0003500833199007044
Drug_100003767,0.00034950490951801954
Drug_100000942,0.00034948682822382056
Drug_100000767,0.0003491260592983228
Drug_100005591,0.0003474535565238529
Drug_16133802,0.0003464235406561697
Drug_221493,0.0003459569524511103
Drug_4417,0.00034510343615160087
Drug_100014917,0.00034433853314722756
Drug_100004192,0.00034428097290034414
Drug_100005070,0.0003432185388851562
Drug_100004158,0.0003426554727965968
Drug_1990,0.00034153354569842046
Drug_31703,0.000341211013591125
Drug_4747,0.00034069636901422795
Drug_100005040,0.00034009605218665465
Drug_5327147,0.0003394159546218856
Drug_107706,0.0003384159752944009
Drug_100001690,0.0003377869598191498
Drug_100004601,0.0003376922115474574
Drug_5526,0.00033760686084819596
Drug_100002826,0.0003373190476601489
Drug_338,0.00033718807287449126
Drug_100002756,0.0003371267391142777
Drug_100000896,0.00033688927190137917
Drug_9578572,0.0003366517480262063
Drug_2973,0.0003366221670801406
Drug_2391,0.00033526954597806107
Drug_100005430,0.00033521639920198467
Drug_9417,0.0003347664954991566
Drug_123619,0.00033455137901208375
Drug_53232,0.0003340379005405768
Drug_44093,0.0003324816353249873
Drug_100002284,0.0003310047297542839
Drug_4485,0.0003309178390533689
Drug_4634,0.000330674829391764
Drug_65981,0.0003300600615726016
Drug_59768,0.0003295147643080113
Drug_100000303,0.00032774167630090036
Drug_5035,0.0003274979610329859
Drug_3510,0.00032379272218137806
Drug_100003059,0.00032228651386612665
Drug_111001318,0.00032142549661267093
Drug_100002609,0.00032128517710579014
Drug_636380,0.0003188090141586086
Drug_23951,0.0003177476959570952
Drug_144462760,0.00031750339352212907
Drug_208898,0.0003171849718835185
Drug_106435110,0.0003169749048075834
Drug_100002909,0.00031335095496794077
Drug_100000453,0.0003117905594768766
Drug_446220,0.0003106868521164282
Drug_25102847,0.00030984028582430544
Drug_5584,0.00030939697718793417
Drug_100656628,0.00030904770830297574
Drug_106433119,0.00030810061630470156
Drug_100004623,0.0003078757203649966
Drug_11707110,0.0003074112512652837
Drug_100002391,0.0003072814523492583
Drug_5768,0.0003063332131438361
Drug_1549007,0.0003047554864832805
Drug_5324345,0.0003042530041208728
Drug_100000146,0.000303966735491849
Drug_100003198,0.00030259611097925413
Drug_5754,0.00030083958393187064
Drug_100004782,0.00030011310895730376
Drug_1032,0.00029855762514681514
Drug_23925,0.0002981478884085051
Drug_100002405,0.00029733841083056024
Drug_60837,0.00029668257922987976
Drug_100003640,0.00029599613132395635
Drug_100002578,0.0002952369256863383
Drug_100003339,0.00029511374574653956
Drug_100004178,0.00029417593630374383
Drug_4211,0.0002940515617484657
Drug_2156,0.00029396508938807613
Drug_3001055,0.0002936988307542744
Drug_5453,0.00029245376745420904
Drug_100022258,0.0002919141349784859
Drug_100003404,0.0002912901000969102
Drug_2578,0.0002909443249707693
Drug_100002708,0.0002907437799092808
Drug_100005402,0.0002888956439332204
Drug_5318,0.00028757675912104673
Drug_2708,0.00028708958436319274
Drug_100060787,0.00028689185469286005
Drug_64142,0.0002860266705524417
Drug_3961,0.0002848894666915825
Drug_9444,0.0002838708805407395
Drug_57363,0.0002832376443378372
Drug_100002484,0.0002811086078119878
Drug_5284570,0.0002795444701703543
Drug_100004543,0.0002792999136575459
Drug_2756,0.0002792901919324617
Drug_100005318,0.00027901289736485097
Drug_100003488,0.00027857077996399943
Drug_1775,0.00027812474363986327
Drug_3198,0.000277931563437846
Drug_36811,0.0002775572351047318
Drug_193962,0.00027728424372259434
Drug_977,0.0002764185475316195
Drug_25074886,0.00027494657536204195
Drug_100005203,0.0002749413009836135
Drug_13505,0.0002747191848862658
Drug_142611257,0.0002747021925311748
Drug_387447,0.00027361807538534537
Drug_100004724,0.0002735168218447752
Drug_100003350,0.0002723001853770492
Drug_100001775,0.0002722705638592219
Drug_3339,0.00027116641940816096
Drug_6018,0.0002711335402084229
Drug_100000085,0.000270732062011826
Drug_132999,0.0002701922043479315
Drug_4992,0.0002697029026948192
Drug_3675,0.0002693401310025771
Drug_100004473,0.00026833762907105675
Drug_54840,0.0002680544882359925
Drug_392622,0.0002679158947718425
Drug_3671,0.00026712240471409845
Drug_216210,0.0002667447942095589
Drug_71616,0.0002666339176493883
Drug_681,0.0002662199017513661
Drug_2733525,0.00026479236786836557
Drug_100001071,0.00026401925429903625
Drug_10917,0.00026384511683750914
Drug_21109,0.0002636244240988183
Drug_60825,0.0002631612531597733
Drug_5032,0.0002626173087095443
Drug_2484,0.0002616215869549237
Drug_2160,0.00026144436538502454
Drug_100003877,0.00026137563233194586
Drug_116130957,0.0002603012668307887
Drug_6337614,0.00025911975270180923
Drug_100004595,0.00025817291722714795
Drug_100003367,0.0002579611216739874
Drug_10133,0.00025767980595912694
Drug_4409,0.00025630101420832767
Drug_3676,0.0002560495388619162
Drug_5282379,0.00025565458890358574
Drug_42611257,0.00025497248782842556
Drug_16131215,0.0002542406175509868
Drug_100005032,0.00025365734400039925
Drug_100054840,0.00025219866439481854
Drug_445354,0.00025193470314923403
Drug_100004810,0.00025126649937036623
Drug_5284371,0.000251065169344205
Drug_3307,0.00025054914775805127
Drug_38852,0.0002496061418259713
Drug_125102847,0.00024931983963793634
Drug_2812,0.000248557866837225
Drug_5284566,0.0002485322123583169
Drug_60490,0.0002471263039607041
Drug_44462760,0.0002467634065245227
Drug_100001990,0.0002457294238916274
Drug_23985,0.00024548095556962176
Drug_100004908,0.00024546957107686126
Drug_5430,0.0002452708734153855
Drug_100003648,0.00024510722641077505
Drug_10184653,0.00024499169470486813
Drug_100060490,0.0002446890501411276
Drug_68942,0.00024400540812100584
Drug_100005419,0.00024237756680864543
Drug_100004138,0.00024226199670077334
Drug_2724385,0.00024072215572229556
Drug_39468,0.00024070400098784398
Drug_5311304,0.00023917163641622342
Drug_3517,0.00023914349421757288
Drug_100003043,0.00023883470921027915
Drug_100002487,0.00023883010259967446
Drug_33624,0.00023882768752463986
Drug_100005478,0.00023835471632266354
Drug_50599,0.00023752983780874103
Drug_5238,0.00023718854472103078
Drug_100002512,0.00023617338060549675
Drug_3005572,0.00023600696895298556
Drug_11001318,0.00023547877861847843
Drug_445226,0.0002349123834900474
Drug_5284569,0.0002345490777121419
Drug_100004992,0.0002342911811676206
Drug_100005238,0.00023402633563085855
Drug_111707110,0.00023316894217884424
Drug_68712,0.00023205170278441496
Drug_100002550,0.00023187581251462946
Drug_100002367,0.00023155621532594287
Drug_6918172,0.00023093311950087177
Drug_5361917,0.00023081282187813144
Drug_4595,0.0002307418007576043
Drug_100071362,0.00023065019750246102
Drug_100004419,0.0002296238217134047
Drug_100005376,0.00022863593435719693
Drug_60857,0.00022842329021839788
Drug_100002520,0.00022818931293767174
Drug_12560,0.00022808696882671748
Drug_105361917,0.00022800002675057708
Drug_100006018,0.00022784617992940888
Drug_100208898,0.00022721982616560858
Drug_5361092,0.00022643932073804717
Drug_51038,0.0002261829630876769
Drug_4543,0.0002243940543510567
Drug_100003676,0.00022405741017641697
Drug_4810,0.00022331661544690024
Drug_100208908,0.00022169879195686507
Drug_5029,0.00022110775349796545
Drug_100003687,0.0002203844442856123
Drug_100003957,0.00021986149678467187
Drug_2132,0.00021849578129021403
Drug_5253,0.00021582379604013997
Drug_3332,0.00021522055992602922
Drug_100005052,0.00021506130213390427
Drug_3333,0.0002108626222302905
Drug_5488547,0.00021037502909964018
Drug_105353980,0.0002103286126906314
Drug_5282380,0.00020911466499750505
Drug_9552079,0.0002079985237732113
Drug_4908,0.00020779799227084347
Drug_43815,0.0002073754019889289
Drug_100219024,0.00020485819754206607
Drug_100003249,0.00020455848840863437
Drug_62865,0.0002044884308136518
Drug_2467,0.0002023409583262509
Drug_100002345,0.00020232070467888786
Drug_100003914,0.00020204932850630863
Drug_5770,0.00020188308611303118
Drug_100005404,0.00020160539358437206
Drug_110163178,0.0001987647431017876
Drug_100000338,0.0001986014355753883
Drug_5312125,0.0001963401760969017
Drug_2405,0.0001960448881842288
Drug_100000961,0.0001958772936119477
Drug_111531537,0.0001906149427847259
Drug_3191,0.0001892260188656931
Drug_100002812,0.00018893170834637
Drug_3007855,0.00018698086123107918
Drug_444412,0.00018696341224149455
Drug_208908,0.00018490902457626835
Drug_1548952,0.0001841952275273021
Drug_100002156,0.00018289470375276463
Drug_100002800,0.00018287708265780992
Drug_2333,0.00018285968059437416
Drug_100003763,0.00017917355456648938
Drug_54746,0.00017708613803584438
Drug_5353853,0.00017645916395215498
Drug_5362065,0.0001745121008461907
Drug_2769,0.00017447179845057268
Drug_100123619,0.0001733261870823974
Drug_100005731,0.00017270647270325085
Drug_2345,0.0001718507308929649
Drug_219024,0.0001708288397994336
Drug_100003517,0.0001663585417280226
Drug_441383,0.00016544739284299359
Drug_100003062,0.00016441856933368767
Drug_5819,0.00016336043124758688
Drug_4418,0.00016327222470926742
Drug_100003255,0.00016296587357270207
Drug_100003890,0.00016267375667011936
Drug_4440,0.00016052780797887927
Drug_3689,0.000156334017816273
Drug_5566,0.00015628493750629544
Drug_961,0.00015527927249084776
Drug_77992,0.00015417312948049364
Drug_100000681,0.00015410187783302916
Drug_100005253,0.00015407150559435835
Drug_3036780,0.00015347979965529883
Drug_100005727,0.0001493162802490063
Drug_5523,0.00014891772859476106
Drug_100002726,0.00014820197811546334
Drug_100004747,0.00014567640882409206
Drug_2267,0.00014543099451232915
Drug_100005516,0.0001401695438185341
Drug_5090,0.0001388153168245376
Drug_100000305,0.0001348630338753167
Drug_100132999,0.0001345978769646126
Drug_117754772,0.00013085317172466503
Drug_4507,0.0001304475998147606
Drug_57537,0.00012880668187917294
Drug_4782,0.0001285260657295448
Drug_100005566,0.0001260736509871723
Drug_3325,0.00012434996460549197
Drug_3715,0.00012367623244931926
Drug_2726,0.00012321736342583585
Drug_100004786,0.00012244578714578806
Drug_100003715,0.00011733703355298165
Drug_31401,0.00010469974035327362
Drug_100004946,0.00010456177126658275
Drug_100003333,0.00010230045988256239
Drug_9400,0.00010081842993675731
Drug_2520,0.00010011835186444999
Drug_100036811,9.971801844432294e-05
